"","OV","KIRC","KIRP","UCEC","UCS","KICH","THCA","LIHC","COADREAD","CHOL","PAAD","LUAD","MESO","BLCA","CESC","HNSC","LUSC","BRCA","PRAD","LAML","ESCA","STAD","TGCT","DLBC","THYM","GBM","LGG","SKCM","UVM","ACC","PCPG","SARC"
"chr2:105477029-105481765",-0.500940703253054,1.64118458380608,2.09356564670556,-0.210713245430019,0.291802243969082,2.2170792240976,-0.551138508933403,-0.552426551950679,-0.540214332118815,-0.332235867073262,-0.545846096227835,-0.548525974373835,-0.456139059777395,-0.516053736476501,-0.50164980286491,-0.522019300698334,-0.523451555918788,-0.521035948246286,-0.539593057037685,-0.557609593714946,-0.522314573283627,-0.493451827114886,-0.478578236585998,-0.431189135419047,-0.447209322151228,2.18012426139028,2.83883772044257,0.07284538033438,-0.489086404582771,-0.544718191495205,0.435246830075292,-0.444544866092333
"chr1:156378922-156381523",-0.353867763304506,-0.314549616326187,-0.330325900299892,-0.312171512207927,-0.297662959265333,-0.306173638257761,-0.368291484441776,-0.262162404810208,-0.30781309362996,-0.267787436725522,-0.303488643143285,0.00292817687043454,-0.297887974854405,-0.239031044328698,-0.211968496213797,-0.277162537806376,-0.105636258015808,-0.240990336057881,-0.332974212910227,-0.36158306073152,-0.170865997132734,-0.221202129617022,-0.0569855872467896,0.0762211179496917,-0.342362750877378,3.4368376050141,4.11574939784804,-0.196000968676273,-0.276210532529147,-0.339943739880754,-0.356667141031707,-0.179969077359393
"chr14:29238970-29241810",-0.372780554954225,-0.394286144479144,-0.439261575917915,0.301128078088219,0.790503244798903,-0.437349804765701,-0.384265324518137,-0.429496396114163,-0.402383472847861,-0.440409003719192,-0.44121429845574,-0.401576081870015,-0.281640507736269,-0.386929812727891,-0.386757518230917,-0.295447737377104,-0.374108599080714,-0.406885354424823,-0.427098964845472,-0.453600225558337,-0.332558994511733,-0.429080247141157,-0.257273964184531,-0.255969810088143,2.79855469262759,3.10542932804428,2.97748614828776,-0.311051237206773,-0.432146272506242,-0.438274028637677,-0.397394044138125,0.0361384841912344
"chr3:35684023-35685013",-0.464196137787005,-0.0226914106676243,0.330397664989583,-0.428885097708829,0.419263142759475,-0.349765665005135,-0.442122318606336,-0.0500034875377868,-0.481289433175219,-0.430847627334763,-0.443661346077654,-0.461043279687874,-0.403742692741277,-0.438379596953963,-0.479498966496445,-0.26093293506111,-0.462406475586681,-0.338873037903408,-0.312054614319668,0.0357470154252578,-0.48059824272025,-0.471634455128125,-0.38031499711322,-0.478351938033489,3.41309995604225,1.79324817062241,3.45098033981275,-0.368988556321961,-0.424634210839722,-0.37664272749184,-0.0251774225329797,-0.165999616819359
"chr11:63886782-63894226",-0.440170392024817,-0.624674112843376,-0.619428395351187,-0.177500597620442,0.670201256863627,-0.0148350384821982,0.0918778266876041,-0.637907490576867,-0.375375288022384,-0.530993597496894,-0.162236145765081,-0.547137021274872,-0.591991984788847,-0.564140396328633,-0.565196095808641,-0.672353341084903,-0.516090450751092,-0.499882200929793,-0.269473076827295,-0.127471516837416,-0.382094362692792,-0.331262975694632,-0.336896978371783,-0.741032126004081,-0.245983478651542,1.20333725354233,2.9160880739702,0.161228123037158,1.45906767992304,-0.109432250891413,3.63890833526465,-0.0571492341676248
"chr4:174455373-174457899",-0.329027960061913,-0.398896722098236,-0.412667867343663,-0.0861676115150453,0.0627033741047888,-0.407433032113532,-0.326572427602983,-0.221754706516109,-0.180539308313394,0.102526456904847,1.00003029613346,-0.38982539501561,0.0875438634097256,-0.238246496424094,-0.314208370650558,-0.33956858119448,-0.354298461502183,-0.0893505240463061,-0.351814679647533,-0.419555539409602,-0.227234902211318,0.059048798598026,-0.112820711179452,-0.371011714133144,-0.389727470807942,-0.0971564007965082,-0.255929020124614,-0.241931060441275,-0.414806768507749,-0.373614400537257,5.17547847503354,0.856828868010116
"chr17:61505160-61507729",-0.246459782660902,-0.360953052504787,-0.269796716625512,0.0967168568525573,-0.0169581335268891,-0.424210890697659,-0.323412469791649,-0.223396194542755,-0.0334004400024986,-0.128079215662896,-0.0482254283694071,-0.0684517062983467,-0.352800566704238,0.0486786415888795,-0.0611778882654145,-0.176668437392959,-0.159010488979116,0.250721687734767,0.990761206886482,-0.1121688726395,-0.0647620106471347,-0.114608666132019,-0.441638943451083,-0.473228428438652,-0.454463407704816,-0.302641116420296,-0.29524092612827,-0.378061524058788,-0.604002878184856,-0.478830512472045,5.25016042827452,-0.0243901230347132
"chr17:79083287-79083977",-0.448567527845614,-0.813849177659533,-0.121232460670108,-0.0257523168600751,0.69161791383673,-1.52077682450136,-0.153079684765209,0.373042851385402,-0.797809495743964,-0.155213552294244,0.193164441724444,-0.067991225306788,0.834243556211071,0.177196356515375,0.490051920337372,0.862357027100269,-0.245001624302209,-0.348864406301363,1.21986986380998,-3.04903307583809,0.185514217904508,-0.69145779587812,-1.11538163315103,-1.7063999770901,0.584829710594638,0.73076528765428,1.08588010009216,1.06063969405829,1.18830700064242,-0.517566655075459,2.063346251506,0.037151239910325
"chr11:33724383-33730146",-0.731574367188588,1.08277305711248,0.923091518649899,-0.761769813731776,-0.936496071648302,2.10638198002195,0.587041464383695,-0.0666189709125698,-0.354524159020017,0.924262392097712,0.951817474558194,0.11344643357588,0.387559975868494,-0.180521673934414,-0.33928555431369,0.213068102436418,-0.159419383669159,0.458142830792996,-0.249752408255427,-3.22545052218573,-0.213818593457778,-0.574620907957697,-1.80271470255563,-1.21153586773482,-0.362129369949284,0.0630531758565572,-0.18061852577628,1.30322303533127,1.41545413446155,0.476461027742094,0.217769616448288,0.127304672953686
"chr17:27524903-27530341",-0.976254087342314,0.00700141733158977,0.156291384424135,0.483714531067226,0.167269479593495,1.57362482264283,0.843712923648867,0.12548265392293,0.783954775142221,0.158106128039219,0.34070944212969,0.251536798309368,0.261824203259064,0.663232586242941,0.477719381403385,0.380052301224063,0.347596995334169,0.666012049246309,0.37191029521692,-4.29507270126386,-0.158075227680304,-0.342464664952233,-1.13538402938446,-1.58272525174053,-0.953013144751774,0.186592180949893,0.0759765831457591,-0.0124795656849617,0.12617673189536,0.868210826000441,-0.0746932645880221,0.213453447218587
"chr12:121623976-121625259",-0.37189706878896,0.729004718057727,-0.0547213763570152,-1.13529211419578,-0.862319257734872,-0.834006910586318,-0.526942858057665,0.242960334183709,-0.983774306592656,-0.175377785475584,-0.213136209531195,0.010941657150539,0.761806009304139,-0.96572606174511,-0.669406275566321,-0.465044010283776,-0.438851612840093,0.129285473891418,-0.704603040531386,-0.177747007977111,-0.877711830899108,-0.659639242984116,-0.631777556004595,0.299546038385507,-0.728830141635286,1.46190815792375,2.0651971211022,2.06692252334992,3.16526007842291,0.372605040561676,-0.254416231220182,0.42578374667363
"chr17:79355840-79358646",-0.919378037097904,-0.415667038535451,-0.747377425121065,-0.436145754740242,0.176154911171824,0.175000433397961,-0.0361358593069388,0.00231942800050907,-0.450490512258921,0.0986483317755056,-0.265986529559742,-0.16583185327928,-0.190322685269541,-0.386953457698497,-0.533912433355565,-0.649498986434078,-0.481407506486599,-0.188282569263759,0.725362762790964,-0.583961895123357,-0.648279740361351,-0.731081935691853,-0.514531121808187,-0.801187899836002,-0.813221177815132,0.69757063229766,1.83230763310291,2.7878200805152,3.54287205716642,-0.276948463650324,0.24939974371668,-0.0508531312418446
"chr10:128110548-128113466",-0.510260185615582,-0.439797615766519,-0.454827479540668,-0.480085312016875,0.0412001247144472,-0.475910138397966,-0.405526862097654,-0.160153335242712,-0.454674239747603,-0.141010989280706,-0.279753256617523,-0.271573492369014,-0.165784033217755,-0.264214728570305,-0.433553462416939,-0.301825050840732,-0.254896941901532,0.0712369755182438,-0.581215506255048,-0.652210490311554,-0.381507587800872,-0.46267449697131,-0.54510114834588,-0.328714758401797,-0.0557313341441577,0.903283329836288,1.2187624233545,2.66484329846528,4.14591099384232,-0.564130664040238,-0.450881075617695,0.470777039797555
"chr17:79354484-79355577",-0.424104165178538,-0.394830607864418,-0.418602841436459,-0.394286248947762,-0.150956401740263,-0.366843247116205,-0.385479902856194,-0.367670844856194,-0.40120410873875,-0.220619521285386,-0.349634655391615,-0.314531800820821,-0.180417600408287,-0.386194113362634,-0.403491339177625,-0.418166212691182,-0.358074628222293,-0.381194112048078,-0.278499765346657,-0.23155144780118,-0.391477733735954,-0.399860016685099,-0.318787697209501,-0.404315980007496,-0.406160826370792,0.699400977464877,2.30869734588778,2.9019909858395,3.64447921219445,-0.391808505723497,-0.0827183251965434,-0.333085871167181
"chr22:38367405-38368137",-0.440835796576816,-0.389481215257758,-0.464564668524043,-0.485503521537289,-0.454021368629783,-0.431997429304781,-0.47055452761593,-0.499066446822649,-0.40648214169583,-0.478677771847184,-0.00923581465451552,-0.466797873542546,-0.448062728729216,-0.408222032588994,-0.445471208034552,-0.305041179055318,-0.381306586420035,0.604886986494333,-0.226691110704671,-0.334873705729044,-0.280639049979712,-0.296462751739714,-0.295343037096846,-0.413729846053629,-0.471193560462985,1.27144766903604,1.27487017533574,3.25275581375868,3.5364633675635,-0.480436518653199,0.217300126692134,-0.373032247623388
"chr10:128335306-128358710",-0.412533223053174,-0.381208036436585,-0.34161645144392,-0.337403097410366,-0.166371733602649,-0.323189097631927,-0.109575239781173,-0.37000893427254,-0.406183563895747,0.000144532182253558,-0.351525840645803,-0.363583952024016,-0.400873923000555,-0.35478924852782,-0.394139250121539,-0.331196328860344,-0.193612690221904,-0.171951901347453,-0.387557646881644,-0.415851606248589,-0.341190630780426,-0.369937831367791,-0.400346877489216,-0.328603498547718,-0.242177848587092,0.555078681713357,1.10479817242691,3.28121925287426,3.94886063457905,-0.388053389545457,-0.362550109861574,-0.244069322188803
"chr22:38374242-38379264",-0.277782358644798,-0.366826263298267,-0.389632223054542,-0.412255027442934,-0.388785279055488,-0.374125754668302,-0.396540672226769,-0.425583322320951,-0.385979708541732,-0.392918229307753,-0.202874647210196,-0.38225349727015,-0.424075892878615,-0.417173654717823,-0.433984183747262,-0.409432907344678,-0.367435563695537,0.0793045678398853,-0.357670459904975,0.347016051414468,-0.125103681395543,-0.19482665828445,-0.407770560059987,-0.407785302627786,-0.402957930643572,0.563413294827145,1.05966872998596,3.60875672870904,3.59406041468721,-0.436467534321796,-0.147342555687338,-0.324635919112455
"chr20:61294939-61296176",-0.691278081700427,-0.172197626121586,-0.247122495957837,-0.527183076312064,-0.574509949460249,-0.371477124401987,-0.723919241638431,-0.58411255317647,1.5885050692171,0.863947343073043,1.20668159675616,-0.0860175801323631,-0.622845854290466,-0.521227178064374,-0.0616781929198199,-0.248049062064498,-0.362348912978325,-0.400531051586875,-0.429111959827706,-0.347300358432948,0.52223465859948,0.74508003655167,-0.747924581132417,-0.593894535739037,-0.705195176261821,0.148663010386725,-0.133863658351127,1.93270264228998,3.94929462928733,-0.386638095349864,-0.700722330486258,-0.717960309774535
"chr2:33789917-33790617",-0.930253904781488,1.19310977007987,-0.140214565281614,-0.698096721952532,-0.380955811626942,0.237028839343914,0.211399015013864,0.0572075514230079,-0.571293686672337,0.126555822655109,0.0061776653908634,-0.041399034992138,-0.162854447662711,-0.444435203000467,-0.762422218738259,-0.684297336734766,-0.556553149598776,0.0373545847984927,-0.907695028576133,0.271755109104832,-0.290820166722466,-0.0483295374905531,-0.655100351700538,1.73389386873243,-0.699452176271026,0.16112738382533,-0.0961100825802879,-0.0859173360812434,4.57149063408344,-0.417012608670715,0.00458236705568052,-0.0384692423718466
"chr17:18883086-18889361",-0.476762388881236,1.94463200044183,0.873532382677308,-0.430269552379217,-0.455454733263182,-0.415800113550988,-0.356738425357301,-0.293350887248128,-0.256777198338095,0.210309287464722,-0.242632449258979,-0.354946336997301,-0.462287179635329,-0.391260694861356,-0.296047646752169,-0.12422656549773,-0.27461615878591,-0.398392272712686,-0.419773458641058,0.328016426997265,0.471656261177725,0.0297370640074409,-0.253156917097079,-0.440612497360654,-0.416384824857974,-0.546543497010481,-0.544845486509344,0.820545671520838,4.63933029000829,-0.461716770636631,-0.523624075876256,-0.481539252786335
"chr17:18891827-18906733",-0.446648614367544,2.10506456899341,1.01911339492625,-0.430499415718158,-0.430672758036004,-0.42603482633947,-0.429200108973811,-0.263412227822471,-0.315899484286038,0.0677336406987412,-0.389513165815302,-0.417095090480332,-0.413055770638638,-0.385436437785075,-0.309797508354703,-0.193958602179095,-0.33207022419801,-0.410136872041291,-0.42427609874553,0.846469507221217,0.291699817201436,-0.0754463646103083,-0.334618734763966,-0.378745145084832,-0.409651483429999,-0.482351510927489,-0.477840765585811,0.680255260814562,4.51873138239835,-0.452100779720378,-0.461044627253176,-0.439560955096539
"chr5:116156933-116161125",-2.50452098046121,0.557672430853581,0.803664923642804,0.243878078623769,0.54195332827183,-0.461792444968551,0.137340036176711,0.268042368315636,-0.0922996731748337,0.438997074630943,0.148678468609732,0.31523622080991,0.411797778513105,0.153494806068543,0.313002236837704,-0.126534388547932,-0.02136893134413,0.235608891431535,0.097666736140264,-0.375550102431871,-2.39006572474212,-2.43763145242164,1.76852671586863,0.295336512695644,0.378958323975415,-1.87743068108817,0.483597930381134,0.839460524590761,1.61445012837786,-0.0997607400939615,-0.0818149166962902,0.421406521155184
"chr4:106027351-106037886",-2.5683110734481,0.0367020177674826,0.315170585830553,0.559889731957255,0.460275587056684,0.109063250524342,0.265543762100796,0.639928739382741,-0.337504884078963,0.145936175024001,-0.0309160718940343,0.188219646902647,0.131746962119283,0.367131516704951,0.790196691057084,1.29137594503129,0.67252615498133,0.334614517774586,0.0588078763210978,-0.234762475083622,-2.15366160001025,-2.3305706910932,1.6176990887022,-0.104484716111583,0.260469940794849,-2.50283083389912,0.0488455072006099,0.440175136819981,0.614301755616613,0.209747394161723,0.0768823201246756,0.627792041662095
"chr19:49360853-49362017",-2.38523415928932,-0.0862012718023047,0.261190567452045,0.695824764233402,0.208335183936312,-0.103775073923355,0.169074093451673,0.788849224899602,-0.481232237396846,0.0016216059125966,-0.120338714047283,0.0414906159948863,0.119659749540002,0.36164413322652,0.870767165207008,1.47181016549205,0.616221960128137,0.260475182240643,-0.0437370348957365,0.0792785125746357,-1.25754402850716,-2.10876200824056,2.33119524366815,0.227994744878988,0.525293101872628,-2.85559119853991,-0.262753871764243,0.181334718108465,0.256366569764386,-0.226393030005004,0.258351479445132,0.204783846384464
"chr11:1863010-1874100",-0.430683231673516,-0.296159895487557,-0.338812870366732,-0.373169159375791,-0.291791094264392,-0.458992214692862,-0.397301958989014,0.0826853647450399,-0.412960113478667,0.0870083853316662,0.113594723060486,-0.305764920091828,-0.335071900320308,0.42771126812331,0.120212361048594,1.09713889494219,0.346765222546002,-0.339416896731784,-0.408145158921026,-0.307578490094224,0.0234547005451176,-0.320069461804715,-0.300229293693502,0.0269095932102234,-0.16516205171083,-0.461011768412315,-0.473953605080047,-0.272571712993142,-0.459240287076401,5.1636837648488,-0.00860838624996563,-0.332469806892811
"chr12:125263232-125267129",-0.851483818568345,1.0720455182461,-0.297677811990436,-0.730942075077007,-0.211036374554132,-1.06034574382556,-0.85190226555439,0.676402747368964,0.143136476662952,0.0278101077963062,-0.210981226913202,-0.589989561165166,0.320170158145626,-0.712002884129537,-0.792559901430543,-1.32586575894962,-0.622425436066748,-0.036785941083949,-0.316059053092054,0.439114993290472,-0.583067932149036,-0.730887983550766,-0.668118251802954,0.0947484932048365,-0.695021621234906,0.710155473330431,0.892659346391385,0.488081913266407,1.44703018495277,3.83828753773191,1.35441660235354,-0.216905911603349
"chr19:6496574-6500527",-0.386056600863692,-0.171205626179525,0.411542099827497,-0.30538581555991,-0.268342455709304,-0.529134356155923,-0.573723411393205,-0.462965432855994,-0.607045578415461,-0.474369075506147,-0.527859124779904,-0.46944023689171,-0.320486881481707,-0.524436639002034,-0.539738043419516,-0.504063145822645,-0.455866057599996,-0.554743891190842,-0.516186924175055,-0.429686706287259,-0.468525249305697,-0.3053808604671,1.07578118747111,-0.155280174613911,-0.559291919760388,0.830332841997029,1.51828814918747,1.18944716036698,1.97474758350127,4.01849922583668,-0.414124966862095,-0.49529907388902
"chr8:56860382-56862918",-0.258376070825931,-0.152116593037608,-0.360000686092785,-0.546368057274151,-0.633110389985039,-0.598082652455078,0.134457837104133,-0.56862129323508,0.0197934289677961,-0.246946838989881,0.125026500294689,0.697904287876287,-0.184809163815223,-0.161614759433479,-0.0868462677293059,-0.263676468384718,0.443567114706366,-0.390911255474345,-0.397935466166319,4.8940519342871,1.01146215280371,0.869223603769731,-0.540348583809442,0.125766990023568,-0.620492885938864,-0.353899001090472,-0.422182830285501,-0.476983768812532,-0.409076243688398,-0.656105422100246,0.560722280960568,-0.553471432169548
"chr12:66583312-66590560",-0.0755387657697303,-0.0611820090831924,-0.393821589238885,-0.476137022748573,-0.0173281736184118,-0.526099099895551,-0.452237060699517,-0.561858341464963,-0.370685465998475,-0.307333168200514,0.421691806284895,0.279208209105831,0.243058501570251,-0.326153619666778,-0.193005514741073,-0.340475629862203,0.0396863004724625,-0.22763864594732,-0.37284995377722,4.99676799038179,0.994173505256466,1.17795245418998,-0.425575852930496,-0.248771126410266,-0.345088502724048,-0.370717593234436,-0.219071599543243,-0.283575597946793,-0.702954022663131,-0.455072040709395,-0.373220766261257,-0.0261476041262104
"chr8:56815514-56821420",-0.106288087781674,-0.140826425222644,-0.305163838296864,-0.243101126578051,-0.312067481930364,-0.19805929816123,-0.19087935229149,-0.188006030080531,-0.330650940110143,-0.2942641616298,-0.243578959203114,-0.110760254783358,-0.0937026971412565,-0.218917673097435,-0.26437357424644,-0.358730086405053,-0.244145203518986,-0.191972978491398,-0.258808824829499,5.05642334308717,1.20016560528123,1.25835540172892,-0.462353181801276,-0.172193606340575,-0.349272064577433,-0.688333346787464,-0.164213769194052,-0.26688659960526,-0.501315057161976,-0.306965511945528,-0.153605231637637,-0.15550898724679
"chr7:158566187-158580595",0.0880087587128624,0.291748339517067,-0.133085756981721,-0.445705576126065,-0.449297987096062,-0.310852485542611,-0.28034645293071,-0.580818393791682,-0.264382825535812,-0.244368205020671,0.0598463506751187,0.0014539597923819,-0.130236045327469,-0.278933365373666,-0.298904291502904,-0.456680197417085,-0.282411267809492,-0.0701721728646618,-0.364088788554847,4.92882869066959,1.36908108737411,1.19628888938687,-0.575755527051989,-0.581845594670193,-0.45206721054951,-0.532723882226844,0.105171921115295,-0.175391828019548,-0.560879046784895,-0.229966254655252,-0.236238143729211,-0.105276697680397
"chr2:197019705-197020710",-0.45184203978953,0.152093293788158,-0.514156940135064,-0.590933642180614,-0.260388102786281,-0.669379215891895,-0.330147012445253,-0.693162056664128,-0.133425450038843,-0.259125748840853,0.150917638661671,0.465029474089465,0.031136432032498,-0.229233492317041,-0.281200817767204,-0.155994848361278,0.0531906232560193,-0.0501508838395588,-0.0546416932949543,4.84603848185183,1.18173550143431,0.960944003042455,-0.554663072023801,0.64935986405715,0.0939945135586537,-0.531443274816946,-0.140636501426298,-0.323454166103858,-0.856227311697878,-0.564146888321419,-0.717344133077085,-0.22274253395243
"chr21:36231975-36252754",-0.193616198118628,-0.124618507338285,-0.600735572246127,-0.459822155118619,-0.274739851497102,-0.434518660655727,-0.35373290076058,-0.0968644664558274,-0.0491995555414625,-0.187274692552412,0.394821720213195,0.331314785350725,0.21043696456489,0.0842244246028136,-0.211976956856242,-0.2817062698131,0.04262259108814,0.667755608258601,-0.384028472068299,4.93057444255517,0.96468182024847,0.813712663797533,-0.671740457533121,-0.372020127348238,-0.20433301943869,-0.666768056960248,-0.710301687192685,-0.413071059640032,-0.884339629676614,-0.0434950046283727,-0.661881527023249,-0.159360192215876
"chr4:84029203-84030781",-0.48854946057443,-0.318581052279284,-0.517049294915629,-0.513345941354569,-0.614065622923937,-0.632433933084818,-0.454880018728715,-0.5658552563194,0.687648333815042,-0.299783318579892,1.21143244658812,0.36375945732049,-0.287151143833284,-0.313228472694273,0.0416112317686989,-0.27575846762847,0.0480170547719094,-0.500508187205007,-0.545476376147068,4.0411178195445,1.69160841790646,2.14909956274577,-0.439016809955745,-0.17406294718103,0.159628204796108,-0.37537746406017,-0.489236687360125,-0.335321428945638,-0.665901466056151,-0.453847239659158,-0.632547111778516,-0.501944827991782
"chr19:14513774-14515082",0.00687544221631835,0.221919015416566,-0.326717127156248,-0.41852131890429,-0.515047283464816,-0.928025013843036,-0.138127280663426,-0.648672846423942,0.897536143960949,0.267094220805181,0.366727068470353,0.401977617250187,-0.168466606432524,-0.24762724470707,-0.200553628849202,-0.537974292383572,-0.211045165527122,-0.529476693242772,-0.777898451462285,4.76089689952513,0.675249555638947,1.09632286822486,-0.385934521262267,0.0879105477767277,0.0561955175654225,-0.404111218838287,-0.851298773916358,0.171361632468665,-0.289026819926078,-0.580450815260245,-0.870647163221246,0.0195557361654773
"chr19:14502404-14506962",0.350570757803695,0.0587973459729279,-0.325870925404637,-0.410651466704966,-0.583553322273406,-0.610260816037028,-0.229136555868204,-0.523208171753957,0.451430893475554,-0.193968568113549,0.111404157316194,0.255099276904945,-0.155493933618255,-0.286541542396359,-0.292505644461765,-0.435152252824076,-0.272563593988858,-0.491930866225018,-0.535122669422102,4.75803646133933,1.3119735847788,1.50577980387157,-0.486755190744729,-0.0558235042093541,-0.238227454279409,-0.571998446289774,-0.563054377985487,-0.124967057032845,-0.423245980318104,-0.43818442891597,-0.549095233977566,-0.00578027861758938
"chr19:14499730-14501636",-0.043352885859652,0.164844076558576,-0.333130022119231,-0.488934825588136,-0.600575977516993,-0.662987102655623,-0.217946400457782,-0.59727011033995,0.567127581763579,-0.160521835649247,0.30680149189459,0.193760292787791,0.0733075194095966,-0.184710950633461,-0.137040015936432,-0.40429236909025,-0.239195266454412,-0.56273344977417,-0.62324291659708,4.6557321441822,1.29083283785752,1.54594447531322,-0.470397915285339,0.277931293467292,-0.0159627301348881,-0.628184898578605,-0.68902045825383,-0.194990574341222,-0.525752849207879,-0.605601612725298,-0.603684935421853,-0.0867516106130232
"chrX:45624802-45627683",-0.00242144683259013,-0.178011962577761,-0.430475830193513,-0.466170118754274,-0.396049226661478,0.730691725228439,0.690275099396916,-0.646431416508141,-0.144743163950215,-0.499324585811141,0.176077489049007,-0.254277952233901,0.00496372175183337,-0.0449734836631944,0.00862510345148845,-0.0747350252139739,-0.183431449098458,-0.501566637934764,-0.246912799199,5.06372855759351,0.800533137435562,0.375593294339854,-0.584464019287738,-0.1499693495942,-0.362766933086371,-0.448333724757574,-0.366904714566015,-0.03076909773761,-0.581794206500266,-0.625904732542889,-0.510582369425399,-0.119473882116141
"chr9:132686405-132687139",0.998677058382107,0.063594187012847,-0.30099371970637,-0.402392245330741,-0.797662490111212,0.385853537965311,0.524756734828917,-0.598047254822745,-0.252105695307371,-0.349948743446965,-0.207267528768941,-0.220759169229211,-0.245507687600613,-0.43309216787494,-0.531994000465883,-0.682086582652304,-0.288218494719369,0.177067043838087,0.217046584133781,4.73104279113849,0.9657307109661,1.00914462908,-0.713634786853019,0.264860434399453,-0.311664968912743,-0.507022632272469,0.107968484750068,-0.622025357851827,-0.5345349534398,-0.874422066944206,-0.207333282161828,-0.365028368022598
"chr9:75766940-75769014",0.19038737071885,-0.0676632364655788,-0.273360356321669,-0.345674694542426,-0.592229550900523,-0.536652693945302,0.939939255217526,-0.704726744837048,-0.432547777461868,-0.674814276656942,-0.0653224625852495,-0.0562512151322176,0.202117769517744,-0.0961677046443271,0.476402938622958,0.930473564192197,0.150732950192579,-0.300146172712952,-0.33247389676373,4.30125277859754,2.22154553113451,0.431267945714747,-0.615999363311609,-0.657147003040208,-0.547768101161672,-0.380517320377676,-0.557113971034234,-0.20607841697584,-0.737552182656231,-0.654315100857478,-0.597633913285141,-0.411963948238727
"chr4:88940823-88951216",0.579773594022241,0.599707704360055,0.121247140609825,-0.384219339887905,-0.443710341713072,-0.282382023788963,-0.310515572238643,-0.792485544340652,-0.678299999121312,-0.355416758372129,-0.184708934569309,-0.101683700149301,-0.219201041630183,-0.366075321289089,-0.609876786478954,-0.633241070132384,-0.270741628789169,-0.38884922966194,-0.481076268947485,4.25122525676252,2.21199226992981,1.43017953751287,-0.672280871618584,-0.597077051568934,-0.582039684649111,0.341408224087028,-0.161674546809173,0.219105793451662,0.173290986328867,-0.532776330752867,-0.596481943008196,-0.283116517547515
"chr9:93637231-93639753",1.03290597657948,-0.198737300557867,-0.415172100699888,-0.334610119405854,-0.466411950984183,-0.268412561075591,-0.022344421855658,-0.63606030601872,-0.0197418599008832,-0.354071869901303,-0.124733293828434,-0.028620612501387,-0.336038750104946,-0.30990121401656,-0.237797246145918,-0.359794924864971,-0.148473429485571,-0.352064096521705,-0.550197898289598,4.27753291766798,1.93571404943929,1.80991516064746,-0.523872594963595,0.500888895101754,-0.142636169101506,-0.350106740309614,-0.483515816986909,-0.454206607223555,-0.663804369778455,-0.622012782452854,-0.637830595461987,-0.515787366998445
"chr3:152133000-152150406",0.531491264455073,0.0273573192233977,-0.306381219822466,-0.558659157422662,-0.5518197954226,-0.455439485733939,-0.328594767639221,-0.429506115207917,-0.394540665598092,0.31187291294894,-0.0655249312456638,0.438910966072668,0.081851747135096,-0.346721616013259,-0.197979565474557,-0.205618243307685,-0.14690621033252,-0.149310698895411,-0.538985474330188,4.62631442556399,1.44900609245924,1.43367178532003,-0.703654663645167,0.0772530993412463,0.015674803531216,-0.793523768320298,-0.566941653849799,-0.156499864719657,-0.776670456269785,-0.538627351521252,-0.76512941461846,-0.016369296660301
"chr12:11803194-11869421",0.754668741729115,0.012786297873893,-0.25959347599322,-0.191659948100353,-0.284506727450276,-0.696995117532481,-0.311655090973135,-0.548399821869433,-0.344396508672289,-0.47489338433426,-0.120924802785918,-0.0338528387195565,-0.289767188161722,0.0767713837703288,-0.160476091839388,-0.384158802799782,-0.308453710527938,0.145298638432868,-0.370147692548325,4.65926652043085,1.63281729534565,1.46610584631832,-0.62262411163685,-0.131987716311954,-0.146741429067903,-0.265909419404632,-0.426136980876836,-0.25548123543621,-0.744235755945851,-0.393744605525249,-0.605881494493258,-0.375090772894196
"chr14:78003550-78013811",0.4243712134057,-0.11231521050621,-0.296487195812627,-0.342726216119946,-0.359021497486987,-0.183797619296371,-0.317031634235104,-0.420489356253066,-0.235017553186659,-0.350866766128939,-0.106925373376177,-0.146669466906898,-0.31115773631275,-0.24145076012384,-0.257280388968713,-0.278575689840848,-0.221328675712373,-0.214565305553723,-0.32378535991395,4.94074132408991,1.49438987373514,1.26552446145635,-0.302724483669136,-0.266258504503955,-0.376847099993585,-0.359985116666352,-0.203946138430529,-0.34461435279375,-0.467441726357698,-0.35194814310128,-0.39403699340409,-0.337732508031545
"chr8:130903001-130906633",0.306170862703299,-0.121341881758011,-0.250315828655655,-0.357173195666242,-0.481643927285896,-0.355013736208485,-0.353273496625245,-0.483773762171173,-0.131558670450379,-0.1424405136824,-0.134971358043323,-0.0333555442039869,-0.383085317468154,-0.251857210641888,-0.308167582744537,-0.225570100250225,-0.168574348278413,0.292305812453349,-0.418589391962158,4.71495348018817,1.758150235032,1.5056930640377,-0.342080984165284,-0.224575314012459,-0.52909683969536,-0.451693101194454,-0.241267754679486,-0.300116764007235,-0.447772411495915,-0.5141017709413,-0.450582569817788,-0.475280078309058
"chr7:80276631-80285756",-0.422958392502142,0.997333323516777,-0.437269964735122,-0.488829866896317,-0.4072031793841,-0.295616199647456,-0.206257346118971,0.0895773464306451,-0.375549380527033,-0.417369451909918,-0.111367916500565,-0.0427718058360346,-0.17515815594258,-0.0409684732503301,-0.300039602011658,-0.26945637614137,-0.180700224869665,0.497210011482347,-0.462910168044068,5.15530051095458,0.0926393027519839,0.0680240753012947,-0.37690360165279,-0.352956984221347,-0.34028901015471,-0.426502632985043,-0.471133907143409,-0.136971498242066,-0.48302984045159,0.543762838149944,-0.360753974590692,0.1391205451714
"chr2:68608136-68609574",-0.372530708010507,0.235843947867626,-0.229362411791326,-0.429720734992926,-0.542625342836376,-0.48518501156468,-0.333334744746706,-0.467466913999048,0.080887926114675,-0.239670877500847,-0.153180297046279,0.172774015066448,0.359833853952929,-0.368424668610468,-0.333007704150351,-0.200887538922376,0.0829438798832207,-0.206675417528362,-0.497170071399047,5.0492889399897,0.271589231445617,0.601020416893462,-0.243044250023101,1.17975204187348,-0.407268779445729,-0.0647394641079148,-0.32166142174965,-0.180099653985276,-0.673512840443724,-0.646450760757757,-0.559966246643823,-0.07794839283088
"chr2:68615723-68620194",-0.314551761470992,0.455877878475025,-0.293586163813742,-0.585417817506756,-0.717334632890229,-0.472031018100033,-0.339287248271421,-0.426721367604179,0.0612384014512429,-0.553947157184351,-0.0239561376989888,0.373997244475047,0.242604681440224,-0.478318810832016,-0.403583765888112,-0.258976109279469,0.162009848420379,0.0291703845564212,-0.529758313141591,4.96630353846183,-0.0294060494071385,0.338364773595826,-0.121639249510732,1.36953917439129,-0.24859077716141,-0.109698308432637,-0.129366426655169,-0.0395972607169264,-0.669915833187137,-0.683843366540794,-0.522077304181596,-0.047501045791869
"chr10:73521883-73533015",-0.258695788482531,0.451524188985204,-0.311103093610984,-0.721316719717048,-0.618738145307375,-0.671302673657654,-0.183388958086317,-0.657607117526105,-0.0611948880199984,-0.211699638126918,0.287904942546553,0.0864170952770034,0.750301163847539,-0.21603225477375,-0.226396914167561,-0.234171490599819,-0.165155530609054,-0.21152577766439,-0.499840702789566,5.02366412060178,0.391239864180317,0.555949539033972,-0.429219213788963,-0.226883090727252,-0.0278828222648212,0.00105378806645889,0.657758839315273,-0.340561766553494,-0.7984401024726,-0.456717367743444,-0.533524864417681,-0.144414620746772
"chr12:66629502-66638166",-0.480931827457604,0.433034689047335,-0.366947163665024,-0.659310674159652,-0.464991372292033,-0.535744638059916,-0.325905566762678,-0.623291085755603,-0.182048403622819,-0.345665508714903,0.909427527616867,0.779132988325688,0.430501871469876,-0.448601134157498,-0.208249308034309,-0.32730860031376,0.14663050684096,-0.011761780762624,-0.392511811630099,4.92248153461223,0.681576637440369,0.523423680597118,-0.465886080548185,-0.204213671920219,-0.506007604207293,-0.244294181592118,0.107591220633865,-0.308714972915444,-0.825662280205899,-0.498851452287423,-0.301628271946141,-0.205273265573063
"chr3:196381964-196386523",-0.402164423632415,0.125032004661767,-0.389632149842646,-0.450672553334228,-0.169939128786304,-0.52406150278096,-0.336579647793992,-0.503130781755339,-0.531567323018017,-0.531511225926687,-0.259541919759984,0.0176353073894871,0.0240929636365735,-0.503281876983017,-0.545687329199429,-0.53694928632923,-0.197064294141781,-0.229777064541866,-0.639371978212116,4.96311849288911,-0.361448788749324,-0.145168107749403,0.460460721641239,0.934536801822402,0.694103492340373,-0.225040876164748,0.219521319114618,0.836515416702477,0.301460953494712,-0.610618356314002,-0.458553809518315,-0.024715049158962
"chr6:24836378-24839219",-0.526862746352603,0.211811347712978,-0.252569264297915,-0.514225210626238,-0.470961265405695,-0.557263641823163,-0.166117273101053,-0.544127318348194,-0.400732434618301,-0.432909600650165,-0.0458728627628336,0.154665010268998,-0.170773787826399,-0.479273964152422,-0.502469851106025,-0.469068497391211,-0.26280007563156,-0.160669143725226,-0.205480180190798,5.08153203876871,-0.237096866806584,0.184646183911303,-0.263923929699448,1.23773686337392,0.47214599441097,-0.424534341617815,-0.12896008096112,0.349614619240921,0.162675926097201,-0.326959377833877,-0.0746396444513157,-0.236536624405047
"chr3:196366846-196381298",-0.326508549926721,0.012542859016052,-0.294785685701175,-0.158900609993757,-0.0791414372630826,-0.412061144795446,-0.319111157823071,-0.391949014939811,-0.281575871272759,-0.421245725138037,-0.158288573905308,-0.0543646175377609,-0.208543554940402,-0.235522977029182,-0.268706185994518,-0.287912394775665,-0.233078807975952,-0.140233966686363,-0.364267563084457,5.3561780810374,-0.165369152384284,0.0409860107081201,0.0418523513462979,0.47875984587507,0.345848391453398,-0.450665527795179,-0.0901280424069981,0.130697463361792,-0.257626394925113,-0.354308959592212,-0.307602266256263,-0.144966820654616
"chr12:57874717-57877578",-0.358045467224018,0.13724172312878,-0.260556467269186,-0.552605327385314,-0.35610597960718,-0.413795560342023,-0.219887269682941,-0.459655229810808,-0.260477345577523,-0.282865758351656,-0.061106253987833,0.256412088061286,-0.0129524300202828,-0.511467527675728,-0.460795903822589,-0.466103200656928,-0.0110847521650158,-0.12208118506167,-0.305481622636842,5.23065897757604,-0.109303420108141,0.28874140044914,-0.342943618726567,0.600531916793514,0.364805621174404,-0.0596647725494812,0.273311281318998,0.0377004169199765,-0.538030350505681,-0.419637916598288,-0.537358880763473,-0.0673971848929643
"chr10:26825246-26830411",-0.32842538639147,0.230748353579333,0.114973665578973,-0.39274080960244,-0.431580908802579,-0.372765236635273,-0.368236369367242,-0.206658178687304,-0.442877321993179,0.271993095037088,-0.307218009871004,-0.184787498586282,-0.016114131827598,-0.354816600173728,-0.393048347566103,-0.455703318304147,-0.393198857300186,-0.246441499702372,-0.496626676859001,5.1307810346799,0.149431677592387,0.620210407150242,-0.523483345989545,0.628780747996424,0.760344510950139,-0.166871829058482,0.027698909389205,-0.276381244552478,-0.626867894658009,-0.345831034916802,-0.442499388472365,-0.161788512636101
"chr1:44925278-45011065",-0.758455619644089,-0.00983046205283051,-0.210745709782238,-0.071240466624278,0.0103557982438805,-0.279911680268211,-0.0854492688419597,-0.251194950811773,-0.205461005872258,-0.0531259508965614,-0.136482011156668,-0.0677482129153705,-0.156387508930498,-0.183501742160097,-0.122284960622863,-0.271255063839876,-0.179322880398076,-0.183854397230944,-0.174618501639302,5.39850296944036,-0.289771631228147,-0.319111855003148,-0.354534687241253,-0.0129046080216298,-0.104696804950248,-0.237501351092873,0.285017025801054,-0.112036162454997,-0.412789198679519,-0.27852307409214,-0.2191143733217,0.0479783462882521
"chr19:8557007-8562548",-0.418587356534426,0.220727875361021,0.443619515481737,-0.429352575587342,-0.634413160393135,-0.310339747008598,-0.0655543123519249,-0.66769134304003,-0.435200070188486,-0.0580383952716004,0.39530088782204,0.339205770344104,0.314636288240993,-0.556440360107133,-0.416236117833577,-0.614689353339595,-0.144631127750717,-0.196655493797446,-0.137493619642537,4.98214245853632,-0.419324819766753,-0.283420684120465,-0.311452877197345,-0.325252860385129,0.272431912701835,0.83232626448509,0.845916470816258,-0.400716081581686,-0.77780130127923,-0.246348230921254,-0.534137275713367,-0.262530279977621
"chr10:11363449-11367699",-0.67956799761613,0.385381926381965,-0.249103544558069,-0.702786654879993,-0.489036338115223,0.0121610154355002,-0.240199253546077,-0.69305428080802,0.368088985052356,-0.278185663331575,0.184450087802219,0.598302660804398,0.187635204466377,-0.651890816225787,-0.602753936613093,-0.547371895269063,-0.092703855525889,-0.16186080838268,-0.44875278446704,4.86428965177703,-0.235175748051458,0.0738112450795386,-0.357284181916095,-0.151211485890573,0.13588996197535,0.00994776886285194,1.17122500030602,0.649841870639064,-0.689410951485235,-0.700083835690685,-0.664524600968273,-0.00606674524170946
"chr10:11356333-11358697",-0.530417841581864,0.132584737589047,-0.341213926037674,-0.582481059584506,-0.28098752448684,-0.081781539125598,-0.367972878209262,-0.363864891085673,0.11843090373972,-0.470057705767225,-0.154131681507126,0.225793450802532,0.00287598020007095,-0.612295032246869,-0.617240145977872,-0.540073560580013,-0.0117406934208229,-0.181075516114967,-0.466191389422998,4.94985088634342,-0.109871277024036,0.224513473488341,-0.300050227363057,-0.195934875227589,0.365166562473763,-0.140374219918273,1.1462703294891,1.04840606951882,-0.589716362294369,-0.494137290705128,-0.644498585380324,-0.137784170582724
"chr19:16265773-16266352",0.0624800741798087,-0.490937568542632,-0.62759748351986,-0.0342910732459652,-0.840818784113076,-0.772596602737486,-0.274912098759956,-0.586385173256294,0.715575396919293,0.428322425013186,0.815487736088538,0.818322396714101,-0.285949434651294,0.259063214528472,0.0328688513381199,-0.531798636762073,-0.000130266349288743,0.379532993178096,0.426405870817886,4.13633650482669,0.401942444348691,0.687280492036803,-0.227742097408326,1.59778889325257,-0.196029266474965,-1.05027469134352,-1.10411192441412,-0.397036291084863,-1.05451745204509,-0.474453226567007,-0.946140114864816,-0.865685107101615
"chr1:206299902-206305969",-0.442238079391613,-0.0647808415396334,0.134579095287948,-0.254428932641067,-0.389171270065413,-0.577426225136665,1.06325504206637,-0.424679296716897,-0.526203375258589,-0.301892808694838,-0.077782477537489,0.156836427459792,-0.159539271676125,-0.183058590555602,-0.155006231610014,-0.283741399495056,-0.327781122972484,-0.303127536017919,-0.522193212715,4.28164429720644,-0.0800475958993216,0.207671483303405,-0.243632809319414,2.66788200511372,0.473721508661217,-0.703902544580581,-0.539181437051982,-0.173345789927329,-0.670748309588313,-0.556977872083057,-0.54908815060317,-0.475614678021314
"chr6:25016163-25023375",-0.698685522516896,0.658603472513706,0.183870835865286,-0.44003251814432,-0.3690339179667,-0.632951916165593,-0.342052214567033,-0.510189808058679,-0.517626985828923,-0.12977457770674,-0.10595311217017,0.00912694180205928,0.618478248502772,-0.352812993003663,-0.315630030504628,-0.375916164519195,-0.272102432755806,-0.291173803772777,-0.486429011576034,4.56582739594285,-0.139734311427964,0.0902259922096386,-0.318283601110501,1.92510792543457,0.597848545570401,-0.725040089928949,-0.509105213853762,-0.260456544563321,-0.72267409161781,-0.569035408624925,0.794095028333059,-0.358490115789957
"chr1:167603143-167607527",-0.567425840032084,0.462930499225968,-0.343335378061451,-0.615679795527932,-0.521230386782696,-0.525768146341649,-0.340623341039924,-0.4657571419564,-0.491787056999793,-0.203470736040539,0.0219574397557281,-0.0361549899711949,-0.132707373605534,-0.392389679531544,-0.486919574870768,-0.480483916535612,-0.271338157797505,-0.0972545053668506,-0.484705248843239,4.42917980925963,-0.0464042305330915,0.334446629710773,-0.312217858615082,1.91021616065519,1.80907014857607,-0.183443624866658,-0.0796636228028245,-0.0934261994082053,-0.717455546655238,-0.636678205615859,-0.334867562929698,-0.106612566451983
"chr1:167611343-167632628",-0.695975403121579,0.227341658766403,-0.368077709481215,-0.591637052328014,-0.345214591315412,-0.604303865785969,-0.359812970871856,-0.457848054178626,-0.577858151780016,-0.251745727023915,-0.0351935848462889,-0.12333662360049,0.1076491702437,-0.378117839420541,-0.400654294955005,-0.538788564432407,-0.310745189538176,-0.17561782382149,-0.629245918348084,4.48171506116376,-0.299234251109249,0.151999351494077,-0.137048466955427,1.9372558083817,1.51309360309029,0.305197814667371,0.394035193984817,-0.151172805868833,-0.74546219315195,-0.629727040414606,-0.356786571303952,0.0453170318609839
"chr1:167667179-167673801",-0.554792096310158,0.494344391556392,-0.251058171533816,-0.633273189513193,-0.611438874437521,-0.481391621580468,-0.344370576314136,-0.475464379935343,-0.339340372651611,-0.129087237764821,0.173224047657942,0.132906080930675,-0.0507932388185474,-0.393522989083504,-0.403383886785983,-0.459922858211647,-0.188921958201331,-0.0742868410648282,-0.472679244993277,4.96115337232058,-0.213321991009929,0.0605719154873872,-0.259339633176034,1.24919190302491,0.936732869401799,0.0780731267332387,0.0400411023569697,-0.0425175578390624,-0.675167432377954,-0.442028009138976,-0.439558179759218,-0.19057846896853
"chrX:128914230-128921851",-0.234743194473692,0.165154528212576,-0.352631033049366,-0.470384293896629,-0.519593811222661,-0.441114924491585,-0.451291446514463,-0.507879144662834,-0.175258336559305,-0.303104923778587,0.0169004477083712,0.223011203983617,-0.150604108422113,-0.390599763199702,-0.445713943854178,-0.358138177167365,-0.144076674374736,-0.22296724358254,-0.451443875500363,4.76354686819088,0.266046973650903,0.564143759822067,-0.32708816176482,1.79499876084161,0.961172034459265,-0.19795131878487,-0.345543169707742,-0.0949823793938052,-0.604397951765607,-0.580298614000522,-0.558097949582128,-0.427070137119677
"chr16:27462215-27463964",-0.815202044723119,0.534977693351402,-0.733560560586387,-0.247360612952708,-0.626657532795747,-0.894919205183043,0.0453214570801641,-0.611057731772236,-0.200276593485493,-0.242096492460597,0.183583550218538,0.630769904549516,1.02400278549242,-0.169078097439119,0.220034029557561,0.280746599658067,0.182719394671904,0.358942983568817,-0.725760005821005,-1.14977309604356,-0.698399098436137,-0.440502027200759,0.353631364782067,4.18265694338865,1.72545613457419,-0.0537832869429434,-0.416329917117353,0.583797180119823,-1.06089126591813,-0.919928148362028,-0.552087725416448,0.251023421643685
"chr5:150595347-150603384",-0.482101013303165,-0.0525857630693431,-0.407331420786676,-0.401109456708503,-0.499299139662259,-0.509858549153922,-0.313799532872635,-0.372352181377206,-0.304240338869014,-0.20853685775463,-0.102937876218491,-0.0174518482293985,-0.192967527265694,-0.265933122223546,-0.233429370639008,-0.177743735523804,-0.245559720779792,-0.230358452647442,-0.426887504679854,1.52309066265228,-0.129226310928142,0.122058212128134,-0.116485646410106,2.72536116531424,4.21258895376226,-0.681274889111599,-0.595752850562592,-0.034020498549262,-0.571110168598485,-0.236718484444214,-0.472454902564524,-0.301571830923603
"chr1:202117927-202118879",-0.647367658282373,0.185395871459503,-0.444629364318892,-0.42604258240741,-0.733581631238011,-0.985669561468166,-0.538537126892131,-0.54767484214935,-0.0942903970987302,-0.199201859122508,0.0996215827414542,0.520570948317244,0.199915255827957,-0.399646576266907,-0.147195800157999,-0.313369632583066,0.0578012448486027,-0.126705533925951,-0.672917372478805,3.03568054730691,-0.213168131164957,-0.0549950172101815,0.000949590483905752,2.99937731851914,2.49255861095023,-0.301424236626094,-0.704376329284413,0.200694674308969,-0.946742933310982,0.00576154289905228,-0.878239126593015,-0.422551475083021
"chr2:43231172-43233040",-0.458741209568137,-0.359606856955052,-0.152595967463491,-0.37095425717765,-0.225078669230039,-0.612863823158158,-0.563682433863852,-0.0265503969333576,1.41132630427399,2.2151401455105,1.16072124529902,-0.544494522476557,-0.597960345984185,-0.368201642771552,-0.405909669208918,-0.522298591955604,-0.609447490610298,-0.5040588403983,-0.582763738980566,1.75136195383369,0.436100830747019,1.16108369046946,-0.2837683471328,-0.400095129263376,3.48332150420272,-0.559665005462601,-0.495385901676332,-0.521105854422406,-0.640007212076087,-0.617742977669883,-0.59989155466324,-0.596185235233951
"chr20:31099359-31108514",-0.265350466672843,-0.484162852480219,-0.485120811871364,-0.295030559433799,0.386246692067194,-0.305423499173288,-0.333829631328688,-0.481522366778956,-0.496175051345547,-0.39111774938688,-0.0345652459543327,-0.334064539372154,-0.219511120127681,-0.103734854583006,-0.429005880439407,-0.48084380187731,-0.424929511141695,0.286818479033472,-0.328449928387851,0.970850062807093,-0.447849565425873,-0.372039223595852,0.322511462379902,-0.0333934085040774,4.54172667151431,-0.483902575518688,-0.440128888213573,-0.271966107528742,-0.65986031212164,0.209778256143868,2.29482113185295,-0.410774804535331
"chr21:47033407-47062415",-0.505466832736331,-0.392256082792455,-0.365996489223522,-0.133695336766108,0.134914800018136,-0.457889345174517,-0.340511709976884,-0.244711839029235,-0.305112249196482,-0.312154980532422,-0.388509102411232,-0.286276415431127,-0.195484226770656,-0.323914700182754,-0.184568487406183,-0.131615975256178,-0.16877578426249,-0.321241367235869,-0.33393016500983,-0.335383014949131,-0.487693061395309,-0.389359866307326,1.29477981440579,1.47663181018697,4.94280394990242,-0.465244987750513,-0.177822178907267,-0.0157249659539192,0.0044795999945245,-0.309565245263662,-0.151936655842787,-0.128768908743653
"chr14:37128106-37130802",-0.353601924444883,-0.361164046632991,-0.376716803389516,-0.0881039984257167,0.317940324968235,-0.394700510819899,0.237771573945451,-0.391090343268866,-0.359080677746033,-0.350770643595598,-0.348908408052501,0.314474684535791,-0.371619608598397,-0.197715405041179,0.0281429227989837,0.628584000572498,0.411668352124225,-0.247175501378749,-0.124324106853967,-0.401216975357888,0.352183071568039,-0.25354310591059,-0.27928706364278,-0.194459191217763,5.2436558333314,-0.381211250138058,-0.380581414524914,-0.312764003724431,-0.401216975357888,-0.360892290180976,-0.385618429221505,-0.218658086319539
"chr11:45940463-45943072",-0.125668142296561,-0.180276118527334,-0.0251612958994556,0.496308084582391,0.0790137846437621,-0.25939022405535,-0.137418198931129,-0.513793542980898,0.239046169169243,0.00581210422856415,-0.170164452754587,-0.0922557328351206,-0.517905922889198,-0.032917586949748,-0.175356068959437,-0.180468996989258,0.162552136768589,-0.136951132052575,0.240879602021041,-0.237860327788648,-0.150468794425006,-0.249698742235618,-0.0594107496993488,0.607244248547153,5.21331721909075,-0.600549776306672,-0.599877083805203,-0.385662101881492,-0.674736723396409,-0.586615695714007,-0.520452772888501,-0.431113164789936
"chr1:201368836-201373525",0.329575956601948,-0.61303500727054,-0.0330854885031126,0.608584111494544,-0.0021782295147902,-0.756383848325732,0.938926455073267,1.04590792696027,1.34924665095078,1.94301363240385,1.31681895830524,0.802572437352249,-0.635006595100335,0.49381908853402,0.530857381822494,0.831756552533645,0.890000468944252,0.0430236525372782,0.680497704014957,-1.41101051443636,0.99565672192282,0.950870815204099,-0.398142268088067,-1.19599034508207,-0.0263899882158434,-1.41454159209359,-1.41031359393465,-0.617233890508669,-1.15732767867836,-1.39769395415042,-1.39722344133636,-1.28557207941683
"chr12:53291502-53292145",0.813238137554104,0.162996204186205,0.261676443402009,0.825368735990465,0.30183548906176,-0.0653773629229607,0.667236864435653,-0.0037586194403335,1.5962732664511,1.25082074389148,1.2511525925996,0.899647385033187,1.02420632331471,1.12503122815049,0.419215784639496,-0.795299387149056,0.31810705978591,0.664818641476246,0.81201472314588,-1.40534784433033,0.43449694883273,0.87083665760304,-0.199122875778403,-1.38069661832949,-0.224668039712354,-1.45140914115982,-1.43783367844054,-1.35527073838824,-1.44604872238549,-1.18845957621665,-1.43079515165352,-1.31488547364688
"chr17:73560904-73563901",0.345703650989809,0.156594199395452,0.950613174638873,0.530185115073268,-0.294039611835747,0.447457266204606,0.198385524505008,0.306020523233661,1.73270849831047,1.67069243073654,1.47317347601562,0.984874524457207,-0.035269755139383,0.493180540206989,0.695315148109598,-0.499164288750897,0.0678957171325666,0.749546195502002,0.322596605659723,-0.702539839829405,1.01753900822652,1.15732697788969,-0.223835371952838,-1.2146626504443,-0.96339363644074,-1.57738131538595,-1.40258953184509,-1.30642937848648,-1.55669793115074,-0.529869533755965,-1.50658038573593,-1.48735534553413
"chr2:231914534-231916655",-0.682187884827075,-0.0644321319561783,-0.620438902598105,-0.564036036506317,-0.408830577533221,-0.316572576739658,-0.781286001978488,2.48259350328398,0.416802633829964,2.09896881948654,0.568711251902251,-0.502512776868756,-0.677690268361203,-0.651408131251982,-0.579455916067233,-0.73804037735815,-0.640967350110247,-0.0287973533611953,0.921187258182083,-0.782491959929139,-0.198844601935926,0.363603801581632,-0.288011821694244,-0.767561801016618,-0.754229584510775,2.20642099262822,2.60666708276689,-0.470341212573543,-0.167770057626378,-0.480124204653068,0.146970432227115,-0.645894246431173
"chr3:170712922-170714037",-0.396332129089151,1.98609574595693,1.44104925643633,-0.373366150347086,-0.314237953223138,-0.359621406027265,-0.397131564456557,4.46397737626455,-0.357243220423808,1.12495197568916,0.531266511880833,-0.342605606649464,-0.362556382027842,-0.35369880674756,-0.362420818827739,-0.395483399309788,-0.366540079389889,-0.396987689948662,-0.398134752509805,-0.407002489125658,-0.257751522467428,-0.249324478799509,-0.0711540659061094,-0.379002469441248,-0.398896750706003,-0.388107360290562,-0.390335514386054,-0.386396635055245,-0.407002489125658,-0.304291819235203,-0.39409458002141,-0.33762073268997
"chr3:149205642-149212347",-0.386051319439405,-0.319917611534692,-0.246264154203325,-0.340041499723448,-0.262503440132392,-0.416091966647047,-0.159152664695224,2.37167061852918,-0.264518574301605,4.34533265691742,1.75462091496492,-0.0258015612836956,-0.123928023881145,-0.366551339421492,-0.271508716841152,-0.401384136199965,-0.395194953495625,-0.395722061556084,-0.409942909530506,-0.413457498730665,0.182602576647319,0.340668150473972,-0.295808134457645,-0.399409437698814,-0.415890524370184,-0.415823591302195,-0.415093188857024,-0.408615232787116,-0.416653190070263,-0.308074184765154,-0.32738222271868,-0.394112778888271
"chr1:199998956-200007729",-0.483821390099553,-0.289876291164219,-0.626630718010397,-0.131196311138176,-0.0358211903821316,-0.585074288362682,-0.488447993653607,2.75450827173179,1.96774989467324,3.12864153831351,1.72457671833175,-0.228682349040623,-0.54937984350749,-0.529336489643526,-0.428125517095466,-0.608771455611653,-0.497274488877712,-0.307476170862682,0.0305740227788364,-0.625256850317252,0.348356906026105,0.934224081169862,0.216400292550505,-0.560143290370164,-0.397631796901051,-0.517676096626503,-0.404619301796303,-0.575619893803587,-0.675836765482532,-0.550375314279233,-0.53916809420515,-0.468789824343911
"chr17:36059300-36060888",-0.508010198768104,1.74093802889426,3.00405084372668,0.116221095742703,-0.156758148850385,0.5714143811684,-0.652236216202364,0.0790524193860174,0.559947115181412,2.90822707214005,1.2223163118458,0.531714038630422,-0.689966301497439,0.101688818627272,-0.526516879663441,-0.684052807901956,-0.563698168070829,-0.693441956688172,-0.219865756655819,-0.704003151688417,0.190372898530216,0.732737163765514,-0.29611683715379,-0.537630924622967,-0.675354601073044,-0.697189761074722,-0.686479906751568,-0.692461770413911,-0.704003151688416,-0.704003151688416,-0.685712489954595,-0.681178007230388
"chr6:107195263-107197409",-0.450442415945972,2.97315264894477,2.89207881005908,-0.31119539773195,-0.429584003198451,0.123635368237877,-0.386835674145008,1.34851371477726,-0.402636888007912,2.09778199792565,1.54095845999509,-0.346316684596087,-0.538986369793964,-0.406398021223266,-0.439105066931539,-0.513342124228187,-0.50287470631103,-0.409029385647107,-0.5321619699541,-0.544510640813706,-0.213677406363815,0.100577544316308,-0.44732192763817,-0.133673531987095,-0.519010433582739,-0.514383672513698,-0.517553610738551,-0.519167366570209,-0.547249949628411,-0.540136028702579,-0.392346802504246,-0.518758465498251
"chr6:107188062-107192716",-0.52599717222084,2.99378754653587,3.19160903261137,-0.329932429723074,-0.431637267718289,-0.0958295467933063,-0.376059633161957,1.19697708718531,-0.429634619818157,2.07530677076959,1.21445421458754,-0.272957602801857,-0.466389164141705,-0.389487775166481,-0.42385491633502,-0.449771698242202,-0.426095029654159,-0.402159028817215,-0.53619943077555,-0.471571349732052,-0.309902499959366,-0.053140831336865,-0.452263784698687,-0.166809013457547,-0.400293734654711,-0.55671802361487,-0.49604774015448,-0.385129049073117,-0.49825498614181,-0.545498405078048,-0.344258571808629,-0.436241346609679
"chr1:206281070-206284808",2.02439015171833,1.64828790259199,2.19735320946116,1.68544272660621,0.279303140294185,-0.969456300692517,1.17659015535417,-0.31042484588292,-0.696764349191004,0.458191426333604,0.286950514409098,0.073505539770318,-0.392373620177917,0.0412699381122776,0.0654734375123458,-0.451370371708511,-0.391265037505792,-0.494430022443493,-0.793314594410994,1.49968123356091,-0.594743835038114,-0.392962026333456,-0.542394447748382,1.44309009028414,-0.154932119931342,-1.06949375748561,-1.05079388045477,-0.51657900886725,-1.09747830108673,-1.0879570556002,-1.05695567351755,-0.815840217932188
"chr1:206261193-206267189",2.67284199987964,1.72159361160714,2.57993080719061,2.2647041687573,0.312346420854283,-0.639637869497789,-0.294968936958588,-0.411615640648147,-0.637384819388296,0.405401048705312,-0.232866516062026,-0.541579471107734,-0.608045816016505,-0.182459429620226,0.154227938972203,-0.395540716916693,-0.585415049470472,-0.5343548874039,-0.626790500456375,1.18453154025109,-0.443737862973773,-0.526857004383617,-0.299018493476109,0.770226215139225,-0.610064105797283,-0.668170948030383,-0.634889138305645,-0.624134253226913,-0.653634385676067,-0.645326325658789,-0.65323092853304,-0.616080651748424
"chr1:206240295-206241433",2.3509753689129,1.72122069742573,2.83144414956003,1.81422004605858,0.0662454620792868,-0.75234350264947,-0.348399080494191,-0.499329022328593,-0.67735374835934,0.508192952487136,0.15948534297478,-0.337450030191923,-0.712189288805054,-0.0833555067175788,0.449999051629803,-0.130390653274829,-0.48843616280318,-0.34502300741878,-0.57841218283963,1.73273133327832,-0.38725013705891,-0.483019964080016,-0.295372671975913,0.35118587961609,-0.635649805940026,-0.809567028089681,-0.81047424777,-0.756227180916173,-0.832364381728124,-0.731257230295166,-0.772651722185674,-0.519183728100403
"chr10:119305427-119307476",2.19861971859211,1.56924914803085,2.33112542240854,2.48841921738384,1.57002998850207,1.67591338534118,-0.582856971701138,-0.611674058804834,-0.583012898944421,-0.613844221496796,-0.58394204981809,-0.589950561447395,-0.486534983183416,0.0350005346797239,-0.161793064122272,-0.570396083210691,-0.565412251277778,-0.53743513378638,-0.582880701890071,-0.58826846146171,-0.580027777062264,-0.565939222376602,-0.441967325539353,-0.596741928180641,-0.534612521039188,-0.0285124050000388,0.0415496236688837,-0.552077299816581,-0.602798181464437,-0.540495144224865,-0.564736337892425,0.156002545134189
"chr2:113978154-113983074",1.68019733616978,1.73664043827303,2.2980840354144,1.67293667907825,0.604750495454407,1.66044525070187,2.71388685339076,-0.576800565238481,-0.468413417702717,-0.246078732970665,-0.335431083417906,-0.497135523984759,-0.420233388552525,-0.424292746801813,-0.0649650674973833,-0.519981226900411,-0.52473507384842,-0.545617790509284,-0.615771361159532,-0.549905268167279,-0.285548761077359,-0.42031499359533,-0.518866493961608,-0.588352035159463,-0.62951797730254,-0.615566426928144,-0.647008334688534,-0.55325222663604,-0.642778048213726,-0.496272515043855,-0.643388958038552,-0.536713071086173
"chr2:113969296-113973474",1.6768924247068,1.55917819038841,2.74669747457289,1.07031518609278,0.0827920247791377,1.71403961835516,2.81954516644261,-0.628256408609024,-0.410182157691595,-0.00288960893283584,-0.231746058802049,-0.502569957127897,-0.201622266072678,-0.474984031840867,-0.199161101996458,-0.457372325532368,-0.45504606278273,-0.553194296324395,-0.608164437351771,-0.67370372173822,-0.272703879809669,-0.359294902297425,-0.63925248031736,-0.744115007286259,-0.575992771706937,-0.600447690081048,-0.553169072375649,-0.534717394700007,-0.451367570558556,-0.496260957099474,-0.580929529385509,-0.462316394917011
"chr2:95669688-95690838",0.203020222380831,-0.0236575333156321,1.70043483856036,0.213750743604409,0.170389243654812,3.37498463309324,0.709335723565861,-0.751802271739129,-0.775901700129035,-0.592326926632529,-0.540071173754624,-0.375520908723197,-0.706846059361847,0.0108630609446615,-0.351038479532742,-0.454712223356038,-0.544326735711984,-0.668528238938493,-0.614648334120908,-0.728687987557834,-0.539624044424498,-0.641705524486601,-0.578050196968684,-0.0661984936730686,2.48322775682436,-0.167162555668487,0.359059930467437,-0.028958103216162,1.77372145785532,-0.685922840410909,-0.521452355358931,-0.641644923869952
"chr2:108910910-108913007",0.0961450915904567,1.58045560790452,1.8172331721034,-0.35438827351749,-0.434279844348656,3.34553943709534,0.811160505930276,0.00941009237898856,0.402569305776144,0.144167521902528,1.13966838150136,0.423403014501861,-0.831087929329234,-0.683640372961916,-0.7358672636762,-0.882805912844137,-0.51754947051336,-0.695050424933887,-0.688958515089116,-0.882551972389732,0.459249356042913,1.29026791994562,-0.473629259513008,-0.399936222455495,-0.837534427984968,-0.792165530990535,-0.787166507037396,0.119408940558506,0.806261914523344,-0.782512700489772,-0.898416341585698,-0.767399292094645
"chr5:156339423-156346193",-0.540761447843382,2.02711454782434,2.33035326926175,-0.506384295344041,-0.52700622258672,3.86299136779255,-0.112950964749245,-0.311784444524533,-0.322489035377985,-0.0287801888332136,-0.123582259160753,-0.182214389253611,-0.171909176817563,-0.368327892842402,-0.571222295737928,-0.546128131546834,-0.458572513245077,-0.378945036837423,-0.1986025055371,-0.331656853274761,-0.542738554486407,-0.452190525388436,-0.464306619888868,1.22113345569687,0.611996232717655,-0.531106063433412,-0.51573403843034,-0.174330135434333,-0.652349127475996,-0.552018047954942,-0.514602628033007,0.0271045207451615
"chr10:102488049-102495260",-0.0883943707010375,2.52714827440848,3.61651278928004,0.694440050327848,0.803629758137217,2.26616037998669,-0.469878891770426,-0.422873712836848,-0.367818075142526,0.765693100234204,-0.393714675910269,-0.484516457412844,-0.409362200633725,-0.497628045919375,-0.246867612234527,-0.483976147587179,-0.470871841039497,-0.514166056481385,-0.492394661459067,-0.529761811794993,-0.370563132396876,-0.312854586625289,-0.244879995935876,-0.429729945632846,-0.499163696905611,-0.470190062230961,-0.460830759134464,-0.507999651487738,-0.513437909484674,-0.215013332312677,-0.403955424648175,-0.372741294655604
"chr7:117227987-117230307",-0.0670453725169457,-0.280818411280138,-0.416576190179974,0.0655536601097724,-0.400588225363583,3.76605809836849,-0.475472388833241,-0.377053382276499,2.6857993616879,1.46656197584865,1.5891125670777,-0.0375191796470532,-0.448918563641862,-0.456315730164985,-0.34873068078303,-0.477533386114982,-0.323297921262623,-0.480639247033793,-0.263211894634356,-0.52366988026147,0.200799753528935,0.490139071168547,-0.332112231919834,-0.490744350851441,-0.510082861749536,-0.520492755890683,-0.495900599879295,-0.49891269055528,-0.52366988026147,-0.481833029315247,-0.51383830118226,-0.519047332190418
"chr16:67465516-67466437",0.324274546609211,0.740802384219424,-0.266190339365571,0.273178074928684,-0.196815285664725,3.97041680215039,-0.469100499330691,-0.54127699130113,2.03479686639099,0.732640694268644,1.11936445891386,-0.240979404801128,-0.700060648048314,-0.148330890460472,0.293778193505752,-0.397788291665931,0.0251001681964538,0.176992923410083,0.128348640058751,-0.842169066445969,0.612930908183728,0.561052482201455,-0.518825305782883,-0.920190140337819,-0.964329505522794,-0.764681516596923,-0.807655926822227,-0.92340447956742,-0.903351418869889,-0.233686995211573,-0.481117128126335,-0.673723309115637
"chr16:1208074-1209448",-0.420313652448107,0.552823325136568,0.734987291350488,-0.56955161520983,-0.342386159933384,3.58838761115721,0.841171748646163,-0.27754549837083,-0.531560861575784,1.44347792973735,0.12756572523914,-0.451703769898929,-0.28289466641003,-0.559883858802093,-0.49800677445906,-0.580129274379128,-0.571014249104303,-0.28645938972992,-0.246797779970875,-0.588493541884344,-0.558799550290427,-0.474657808261278,-0.49767637529952,-0.59837382380991,-0.565169954500909,-0.189552600057305,0.120907268727947,-0.560322351389243,-0.431336900780154,3.05381504947079,-0.394483209570699,0.0139777166704133
"chr9:128305547-128321293",-0.293750124582713,0.00693370045372017,-0.207288187718051,-0.317796862472331,-0.255679151586226,5.28890482361803,0.964756304596301,-0.316114057043006,-0.257633769245552,-0.154634319184232,-0.260467482779861,-0.054195957955843,-0.242926962504715,-0.27700136821604,-0.301081182126103,-0.281817465037609,-0.22031731800835,-0.0778883883741014,-0.261718646059494,0.47836786351898,-0.0446371998055069,-0.0907010347773217,-0.271375305733559,-0.289730452326959,-0.334436280368466,-0.318435451135962,-0.308213650322628,-0.31220958000326,-0.376263396773544,-0.0477678934679906,-0.334316496922162,-0.230564707655437
"chr5:59843584-59848432",-0.194466844418853,-0.165506078103214,-0.37953435609872,-0.155028499509076,-0.209665636940462,4.94026958192179,-0.374372980024701,0.023808091386932,-0.38114050619454,-0.469541343450983,-0.26533130465622,-0.404233261447152,-0.47609725537296,-0.304192243245073,-0.377077300744335,-0.412237032159164,-0.346215968510806,-0.237355144528731,-0.0890302269623932,-0.451610159822094,-0.383602207915655,-0.335947850628736,-0.451646177826748,-0.33751631534529,0.538333777269147,0.783545266857209,1.46176227148344,-0.248841710992023,-0.452139439166087,-0.254666249343711,-0.306949090345078,0.716226194834287
