"SE_ID","Z_in_CT","Delta_vs_Others"
"chr1:996597-997488",1.99440421266385,2.12433240953179
"chr1:1058966-1072297",1.62445587700288,2.01081999315894
"chr1:10856807-10898295",1.51938949815416,1.55008687148513
"chr1:15101325-15112694",2.23513641205057,2.25929703992607
"chr1:15205073-15250526",2.34008680299338,2.32204423783889
"chr1:15256640-15272315",1.73042596898944,1.9259135362306
"chr1:15382876-15386568",2.31306074332678,2.46112718286966
"chr1:15390218-15392026",1.87696181467271,1.93168109233001
"chr1:24710593-24717593",1.55913421673943,1.40701370743255
"chr1:26190452-26197000",1.6950797902237,1.6185972878417
"chr1:28561517-28562520",2.05906329527062,2.32095372514333
"chr1:39958097-39976746",1.57285940901984,1.75924951982322
"chr1:43291561-43295486",1.778986261256,1.99356638498009
"chr1:43818543-43820255",1.90053285111882,2.01354147823227
"chr1:45206779-45211966",2.00119915698535,2.04434913546612
"chr1:46646936-46649005",1.84619540870004,2.1437597705478
"chr1:46651730-46654254",2.59945012761892,2.95284331147658
"chr1:46769592-46774673",1.76569600233493,1.9083802551034
"chr1:47651116-47652891",2.98990975992323,3.16652217654822
"chr1:47653199-47655438",3.05905897232726,3.38065660459952
"chr1:53972549-53974693",2.9529264834267,3.31053742244756
"chr1:59043266-59063099",1.52364996474617,1.55249892619578
"chr1:59192069-59230421",1.60212640205803,1.77367692603181
"chr1:59230707-59246365",2.28283462596104,2.40927809598244
"chr1:65886523-65890886",1.73186086680007,1.93764175525993
"chr1:68083576-68113326",3.08880577013425,3.52838087379133
"chr1:85156586-85189166",1.72519873317266,1.82342691920797
"chr1:90299436-90308507",1.62199631592833,1.70380715999956
"chr1:94636514-94637207",2.09480944181019,2.1730298100043
"chr1:94640405-94642069",2.22793433445349,2.44607633671967
"chr1:94645613-94649607",2.046978270572,2.40387767855982
"chr1:94661596-94667176",2.58797836232396,2.88396266529502
"chr1:95063039-95086607",1.7272101543531,2.00917088672039
"chr1:95089840-95103917",1.89047424959087,1.93503830767427
"chr1:95323156-95330199",1.5973752029931,1.77204321919629
"chr1:95333073-95354114",1.5379865131901,2.0326723257528
"chr1:95355011-95356586",1.77968826644349,2.01745397698043
"chr1:95356923-95357737",2.09137679302882,2.2751495115304
"chr1:95358173-95360274",2.05985051009761,2.200181772964
"chr1:101164882-101185198",3.2833174376315,3.63898028649411
"chr1:110906635-110912676",1.94776863841076,2.16301502914915
"chr1:110915725-110917558",3.28797051939505,3.66767508818665
"chr1:153666568-153676464",1.54208861155106,1.87203318379836
"chr1:154357312-154374704",2.23360744703419,2.40043949823393
"chr1:155961401-155965786",2.01544880252401,2.45055813548646
"chr1:161698033-161705498",2.17278863826814,2.56317993362221
"chr1:182102650-182122759",1.84236048062893,2.14012674658743
"chr1:192499734-192506784",1.56087635557986,1.70010052264853
"chr1:206225480-206230708",3.42844439228988,3.93344081707803
"chr1:206231739-206238772",2.88614007748869,3.37325957638808
"chr1:206240295-206241433",2.83144414956003,3.21869428661894
"chr1:206243698-206260908",3.05600651639937,3.51502707042844
"chr1:206261193-206267189",2.57993080719061,3.10678781157422
"chr1:206271568-206279014",2.54603308478514,3.04947312968214
"chr1:206281070-206284808",2.19735320946116,2.58972682963908
"chr1:207109263-207110340",2.3255074423553,2.80077863995282
"chr1:207112911-207113734",2.20268463039911,2.63001177784831
"chr1:209836506-209848467",2.0619217539838,2.17305786276017
"chr1:210464132-210476674",2.29671594894681,2.23030100363016
"chr1:211816309-211826698",2.90101094846159,2.87251437452181
"chr1:225636387-225652825",1.67405740209046,1.86450634827074
"chr1:234927543-234973620",1.74835676909861,2.07335895736829
"chr10:3877020-3976611",3.57356058141455,3.67792235848431
"chr10:6781088-6792166",2.27682449260785,2.74175254963801
"chr10:11914376-11916567",1.81508717272054,1.91548320082267
"chr10:16996647-17007539",2.13916670914992,2.3500826598658
"chr10:17032614-17061732",2.69873361956647,3.0854060442065
"chr10:17062082-17082932",2.18938272573034,2.52777791390462
"chr10:24738793-24755360",1.53139200206519,1.81726350177851
"chr10:26856832-26864821",1.52328452870146,2.00895291396782
"chr10:33469393-33471526",1.68636044278311,1.88743388574713
"chr10:33471776-33474456",1.53199822563384,1.81831855115442
"chr10:33475516-33481109",1.82785844564316,2.14806975165711
"chr10:33625290-33630483",2.75222350945439,3.10366724731683
"chr10:43843019-43866990",2.85565033874235,2.98635005058031
"chr10:45451273-45454265",1.59944845800194,1.84750803882176
"chr10:60380761-60409768",1.87622917449957,2.03151025149363
"chr10:60932471-60936250",1.66268356721924,2.15491765710024
"chr10:61007634-61010829",1.55863776804069,2.01988363623177
"chr10:62632148-62634612",2.19287329552069,2.38254394039762
"chr10:62634901-62636776",2.60421183758458,2.68367586426077
"chr10:62637916-62645770",2.3905695920602,2.48502744275014
"chr10:63526624-63541403",3.38460768782175,3.71950675936381
"chr10:76871636-76884875",1.75191464153307,1.86668043526318
"chr10:77153661-77157488",1.56069320576573,1.88215612687126
"chr10:85918774-85933394",1.87640801581882,2.47317264739925
"chr10:91038360-91043422",1.54970825684796,1.94270517912336
"chr10:91045121-91051644",4.65534315000455,5.037223542756
"chr10:98429468-98460460",2.25483249074903,2.70985115690922
"chr10:99094828-99102464",1.84339864840843,1.92701836288967
"chr10:99362097-99371167",3.10103266945541,3.50889034044038
"chr10:102488049-102495260",3.61651278928004,4.02587498991377
"chr10:105421562-105428266",2.02325736381015,2.17681166414191
"chr10:119305427-119307476",2.33112542240854,2.88320272222512
"chr10:127760323-127779205",2.54234055147428,2.63882727133058
"chr10:129670279-129676005",1.8849186038453,2.38352405091021
"chr10:129676784-129681860",1.58191579211614,2.07760388128783
"chr10:133773431-133781478",1.7290335509147,1.88584768332808
"chr10:135090472-135093035",1.8373579426395,1.95433307917083
"chr11:267090-278265",2.38616265484165,2.72223011907613
"chr11:282897-284130",2.08047438451005,2.2702346426308
"chr11:285459-287205",2.53085109880253,2.68983350364525
"chr11:1776678-1778454",1.58242819712443,1.8491786330415
"chr11:2384244-2393768",2.06934289130323,2.29969432401819
"chr11:2394080-2397307",1.66179884374962,2.01134981383286
"chr11:2931148-2937276",1.68121504268346,1.84466752078667
"chr11:5626897-5629502",1.53944896632792,1.73683818833173
"chr11:10880589-10886708",2.16490006471743,2.30013400117298
"chr11:10886974-10899828",2.07339990057285,2.24954984190297
"chr11:17548978-17552601",1.94346396991409,2.51320541381893
"chr11:19735608-19781450",2.49923532096511,2.73086841950548
"chr11:27496193-27497216",1.72590842851798,2.12226579993073
"chr11:33718347-33719707",1.5785719586473,1.90450349180484
"chr11:33758091-33762385",1.57039612000858,1.40492416788465
"chr11:34379655-34394280",1.94139975791069,2.25725642347482
"chr11:47227772-47236393",1.79701463023963,1.76599160574242
"chr11:47438147-47440220",1.53872235146854,1.60018978102707
"chr11:58343456-58345359",2.28026720941013,2.29142911472915
"chr11:59303935-59326173",2.01057291742915,2.00781712858964
"chr11:59563285-59564656",2.34244459497477,2.45067360903094
"chr11:59564969-59567048",2.15857532831814,2.13410320818101
"chr11:62161922-62172475",1.52170291807066,2.08311588366724
"chr11:62186722-62189217",1.69447932637256,1.8505652259522
"chr11:63285475-63304181",2.3246226231158,2.18546535391845
"chr11:63307196-63311972",1.93345830910611,2.14326190047438
"chr11:63330955-63340567",1.86026439231004,2.16722408758903
"chr11:63342618-63357472",2.52595400291312,2.75972598439396
"chr11:67133201-67134831",1.91746982679789,1.93901226738201
"chr11:67135208-67140895",1.74768753782923,1.91931186646298
"chr11:85397420-85405167",3.19148961956089,3.66329751825458
"chr11:85407637-85408922",2.3460492176922,2.62986441435746
"chr11:85411766-85415800",2.53380657265568,2.94916348589202
"chr11:85416398-85418372",2.49598225937427,2.88207572667931
"chr11:85420643-85422056",2.05883112965237,2.53556929039476
"chr11:85656189-85668627",2.41707612677664,2.6020796478563
"chr11:86598886-86603156",3.37153762455897,3.6728712135848
"chr11:86607682-86632178",2.35909842390133,2.60848822901587
"chr11:86712101-86732144",2.0339739053814,2.15856369721022
"chr11:88142491-88155821",2.91374622258499,3.23629944096187
"chr11:94265389-94276906",1.51804042911207,1.74730789441048
"chr11:111808383-111816263",2.22126125843498,2.41527306721765
"chr11:117403337-117539098",1.57237421672922,1.50765336202291
"chr11:117539673-117647406",1.75442906878256,2.11811052989492
"chr11:117672850-117688005",1.9107573069386,2.34584010845636
"chr11:119295795-119315601",2.00942622314107,2.14998896921241
"chr11:120082318-120084344",1.60878255035637,1.93428501369255
"chr11:120097805-120099019",1.83051652778629,2.28688002782638
"chr11:124638024-124641854",1.53487976667003,1.74793529830433
"chr11:124768496-124788989",1.59323763843343,1.65520267768991
"chr11:128317865-128328556",3.87024383016194,4.21350619097017
"chr11:130263788-130274720",2.75012534242697,3.14006365308135
"chr12:4106896-4127205",2.33741265277257,2.73597964690266
"chr12:6575783-6576436",1.8751768375212,2.11834889604687
"chr12:6749788-6752605",2.60863685038826,2.70065550318269
"chr12:10513744-10516268",2.11994893078386,2.25213890439061
"chr12:15750433-15772992",2.472686502859,2.601169273319
"chr12:21789196-21789905",1.72241491732792,1.77283484338618
"chr12:21791572-21794786",1.69413912725181,1.7128612998115
"chr12:21795159-21796379",1.9016602697541,2.02257768578352
"chr12:25255812-25256671",1.65794012123569,1.86575648211085
"chr12:27119683-27124419",2.12293903428599,2.48637268397864
"chr12:27129390-27130785",1.55157271183086,1.64155218496711
"chr12:27133679-27135606",1.54727812361852,1.7864738066994
"chr12:27811881-27813717",1.5322567483772,1.76064571608208
"chr12:40590675-40617361",3.53412629080687,3.8346246339208
"chr12:40617705-40618713",3.16367381395125,3.43830049261099
"chr12:40626685-40629328",3.15481720344383,3.52071477109358
"chr12:40634519-40637252",2.36350932911451,2.82583225198257
"chr12:40637583-40643528",2.82042242551683,3.14405631850594
"chr12:43171760-43193610",1.72211033180233,1.79153085392785
"chr12:46384467-46385568",1.52241802213976,1.78720334220697
"chr12:46386003-46387035",1.79311856627943,2.23092151760954
"chr12:49622049-49627252",1.6110976715031,1.7700562176652
"chr12:51665246-51669542",1.95425853469014,2.20238683060045
"chr12:52390962-52400624",1.89769775834753,1.91650288755426
"chr12:53881793-53886699",1.61420265313108,1.80475902424906
"chr12:54389793-54390354",3.43768240216471,3.53260121497821
"chr12:54390669-54392706",2.63370653000327,2.70266894920462
"chr12:54397221-54402732",1.68168955562963,1.99258398122809
"chr12:54416473-54422042",1.57086669865001,1.9384099485995
"chr12:56393474-56394993",1.61219011405619,1.41405606379594
"chr12:56722525-56726418",1.50493108936649,1.62081405468885
"chr12:72658501-72665503",2.79018724728647,3.20078763102507
"chr12:75875959-75877804",1.50403186358831,1.4268555685655
"chr12:89747148-89761484",1.60266388220042,1.59367485646888
"chr12:89763178-89765497",1.98060415545794,2.07499275163383
"chr12:89766236-89796395",2.15037357621208,2.28546270613795
"chr12:92753997-92769632",1.77201939352505,2.04584642098447
"chr12:104238542-104250788",2.07437290089993,2.3182917529015
"chr12:105802340-105815674",2.4173059209159,2.6686870570793
"chr12:105821004-105887888",1.70477190267261,1.66335975731479
"chr12:110035167-110100568",1.7508693863994,1.73531714104421
"chr12:111072684-111073372",2.11353272020703,2.44792273207676
"chr12:111074406-111078088",1.85722527180385,2.01980348935039
"chr12:113630273-113633146",1.80164804651526,1.75385676465218
"chr12:113635517-113637750",2.77886152510891,2.98279631278987
"chr12:113638718-113645143",2.33472114630778,2.41809990460628
"chr12:116845118-116865957",1.70326623300705,1.46006026853591
"chr12:116930048-116955563",1.79345586614658,1.97552883227559
"chr12:117521995-117535714",3.6582300719116,4.10077355462739
"chr12:119624993-119631404",2.51857449162327,2.77622668877341
"chr12:120107831-120109200",1.53274821797798,1.87691284566046
"chr12:120114575-120115060",1.56537901716868,1.75216123198681
"chr12:121355139-121367735",1.90283827864563,1.88851290738325
"chr12:121392595-121406316",1.62757861086597,2.27597673128444
"chr12:122445940-122457228",1.67228050603208,1.99960165567028
"chr12:122492995-122496898",1.99812346521942,2.15080121966937
"chr12:122503828-122505832",1.85840005901711,2.12349539304059
"chr12:124008292-124017621",2.00629751905764,2.01960155928394
"chr12:127650772-127685887",1.50844410290216,1.87063952395122
"chr13:20978980-20987321",2.03173324221977,2.28713771012973
"chr13:20987626-21001169",1.6287007860544,1.97937550152166
"chr13:21013993-21040453",1.66996233361194,1.82732259928186
"chr13:24217571-24233089",1.89189442024392,2.14185343123579
"chr13:24243512-24247411",1.55404782138039,1.78947474291566
"chr13:24758723-24796857",1.6573470208984,2.01244217559008
"chr13:28024839-28031275",2.37774754572743,2.38554237231424
"chr13:44714830-44716582",2.56917885176446,2.5751222983393
"chr13:44716932-44717579",3.20303974917223,3.42526853193084
"chr13:44763936-44808154",3.67301467608821,3.96219649311339
"chr13:44813141-44817171",2.81092170726722,3.22800073764155
"chr13:48792427-48807194",3.31188331312666,3.61481186913971
"chr13:48828172-48828936",2.38384729165474,2.68561581959617
"chr13:48829206-48830213",2.52780232835834,2.81863160544819
"chr13:48830619-48832162",2.25953120553068,2.3349136969276
"chr13:48833183-48835173",2.20589429302983,2.30435195591356
"chr13:48837163-48841755",2.84500727449971,3.10818814350563
"chr13:49064487-49065688",2.09616739054448,2.26053252380553
"chr13:49070557-49073657",1.61674279841397,1.84682455217983
"chr13:49077150-49084665",1.89630371947416,2.19690271270811
"chr13:49107469-49144675",1.85373110352358,1.9080401414283
"chr13:76410693-76412176",1.84221656870247,2.19818625369639
"chr13:95735644-95747923",1.69920008619505,1.95773521165291
"chr13:99059848-99061492",1.79189314276766,1.94638025113165
"chr13:99088455-99089920",1.66862133194548,1.64150151190617
"chr13:99105563-99107575",1.64767843415536,1.78821167316249
"chr13:99109658-99112526",2.44434487642836,2.36470362079376
"chr13:103475303-103483815",2.05993074609557,2.38341852620583
"chr13:103484147-103486716",2.79543830350848,3.03381789864292
"chr13:103487002-103490893",2.80280119600384,3.07420463490996
"chr13:103491189-103491801",2.42961633928169,2.71461731404959
"chr13:111214180-111243720",1.61467570753931,1.84806140186873
"chr13:113338911-113344543",1.55131597019587,1.7985067633122
"chr13:114542923-114549400",1.7723098534358,1.90421803339135
"chr14:21135685-21147470",1.83648416782762,1.99310994774039
"chr14:23459436-23462919",1.82531917143385,2.0002301529201
"chr14:39736826-39738466",2.02561541587974,2.49493704729593
"chr14:50329667-50359710",2.83023110356926,3.11773307406323
"chr14:50786119-50787937",2.20399631269479,2.47651477508182
"chr14:50788412-50789129",2.19026093821625,2.40911924921074
"chr14:50789710-50790563",1.82193953970988,1.92110412441847
"chr14:50794727-50796210",1.67183534997156,1.64924943920911
"chr14:60632423-60632821",1.74258088724128,1.80715603096577
"chr14:60633123-60635310",1.84979829956864,1.90762815572279
"chr14:62217915-62228975",1.67756654376552,1.65871808784647
"chr14:64683242-64684850",1.80829822280227,1.86093224156578
"chr14:67695367-67707726",1.57934811246624,1.60133256555131
"chr14:73930685-73943730",2.38738071767362,2.79053500146728
"chr14:73943980-73945089",2.21819107879779,2.61727931325221
"chr14:74265921-74269488",2.2125707381339,2.25616507677879
"chr14:74355167-74358453",3.31054853981951,3.38091638036632
"chr14:76101456-76105595",2.39858821213432,2.78165613185614
"chr14:76105905-76106975",2.6720929705171,2.98980902702593
"chr14:76108419-76112644",2.31008152608813,2.53443233825574
"chr14:93799969-93800647",2.21545325234355,2.20315483971385
"chr14:96743160-96747495",1.64228899212487,1.88578875453578
"chr14:98435984-98444214",1.74350448586956,2.05912284840976
"chr14:100240450-100258921",1.67657613086326,1.86759153090738
"chr14:103390416-103394663",1.92262132545976,1.96020212688077
"chr14:103523899-103542668",3.48326391571479,3.78031061473097
"chr14:103561277-103564855",1.68903207252094,2.21454321504687
"chr14:103669701-103673985",2.10781028142618,2.49383744056085
"chr14:103674226-103707729",1.9675361477513,2.1494756547236
"chr14:103708409-103745460",2.30066398985315,2.46137239421889
"chr14:103845405-103851629",1.87788546829525,2.14015698775926
"chr14:104346548-104376913",1.90051228263847,2.09048035861894
"chr14:105499146-105515628",1.57456267875691,1.65766591219688
"chr14:105518539-105520170",1.70338330628016,1.92897454952885
"chr14:105531882-105559846",1.90185980144492,1.94142031852642
"chr15:31229562-31231044",1.79677359819835,1.921087757212
"chr15:31235411-31238313",2.19218215235053,2.34274267980268
"chr15:31242639-31244071",2.05201288755636,2.2242656834683
"chr15:45657158-45658144",1.66164412040851,2.05562132953573
"chr15:58623929-58654920",3.49831943319026,3.71248412130229
"chr15:58729211-58765730",3.78742391766326,4.20273412271538
"chr15:58913920-58919799",1.58998218218885,1.79931904745667
"chr15:60850700-60884486",1.69311788622441,2.18578743503538
"chr15:67356382-67358083",1.61720960541787,1.76348490769186
"chr15:68868398-68871208",1.65919620210793,1.95700337868592
"chr15:72447900-72452048",3.13199783028668,3.43657298253479
"chr15:72462820-72465806",2.2126247985112,2.51122290940476
"chr15:72753171-72757369",1.82902710243274,1.97829175018247
"chr15:74208888-74209837",1.50199211332688,1.59528960210546
"chr15:83474922-83478280",3.15875853855958,3.47256713206896
"chr15:83953566-83992250",1.67862617301993,1.97250429373732
"chr15:85490842-85504657",2.47638869827002,2.8044074753145
"chr15:85504949-85518636",2.47432628072352,2.78694773790576
"chr15:85518976-85523571",3.11777083514231,3.45140681277726
"chr15:86118660-86122061",1.87402149371922,2.34281921464836
"chr15:90328832-90333591",2.19681927443239,2.54012274707516
"chr15:90336518-90340576",1.89883057242456,2.30263065017568
"chr15:90350276-90357904",2.4274111652681,2.8514747971784
"chr15:96803607-96809515",2.48666217582159,2.70372869403918
"chr15:96843794-96865668",4.38042411304252,4.72866895557126
"chr15:96870690-96873846",2.41040475350518,2.66218571410202
"chr15:96877932-96880477",1.95420645559707,1.97268221685001
"chr15:96883592-96897366",2.996850417299,3.38392491698639
"chr15:96936760-96939185",3.28269547064937,3.58881714324387
"chr16:1879008-1883464",3.12650743659573,3.36757621039256
"chr16:1979194-1988111",2.4726251586721,2.44850499476866
"chr16:1989244-1990679",2.59872273411868,2.83915577479955
"chr16:2535617-2545933",4.44217978695624,4.79496025521133
"chr16:2548497-2549258",3.11012561629103,3.44519177360639
"chr16:3119920-3126812",1.62537640377381,1.67091196745775
"chr16:3200064-3206637",1.78654600797087,1.64983244356449
"chr16:11637262-11641753",1.51064873530971,1.46093095190138
"chr16:12062700-12070325",2.81829996324051,3.1494558628973
"chr16:12071807-12093054",1.64093992375704,1.49512904750828
"chr16:25043781-25069237",1.6391705357649,1.38092483326668
"chr16:27283397-27292757",1.59836357602828,1.6870130781247
"chr16:27293056-27295857",1.94030363164714,2.06214556933868
"chr16:27296075-27297878",2.16161518019639,2.33712631733517
"chr16:27786505-27788087",1.86209812750034,1.83308695829536
"chr16:30961292-30964406",1.53382710712914,1.78689566613259
"chr16:46774159-46781529",1.94457140810305,1.92621353737564
"chr16:51185378-51210075",2.08289629500301,2.64615558544273
"chr16:53069973-53081017",1.98827329885363,2.31578209917777
"chr16:53081295-53086573",2.28944095647788,2.54743165796741
"chr16:66956356-66957319",2.2241856483323,2.25375920080714
"chr16:66957922-66958613",2.44646763014785,2.60903665321525
"chr16:69119183-69139367",1.82999498694854,2.02165575023788
"chr16:69419991-69434575",1.5400407179667,1.45029148951789
"chr16:70479402-70488224",1.50435685790105,1.62933745755994
"chr16:79634711-79647485",1.69853783523487,2.05968326084374
"chr16:79748884-79750522",2.44008038343991,2.79107306610289
"chr16:84151276-84152798",1.71563365616264,1.67827323738224
"chr16:89645504-89649752",1.65401078091931,2.07897477270075
"chr16:89657768-89660408",1.50127436493614,1.78672393070783
"chr17:202988-204428",2.27476492183587,2.69711161936516
"chr17:910652-912819",1.73849408059443,1.85238986876581
"chr17:916534-925616",1.55876016132632,1.4828705380722
"chr17:1652134-1655780",1.78514649200327,2.1412313106029
"chr17:1656184-1657316",1.80213163766563,2.16484525968119
"chr17:3406813-3413696",1.94428289848149,1.99370938784598
"chr17:4388614-4389319",2.43529773172841,2.81426118446424
"chr17:4391603-4400589",1.95503080117983,2.3368540787028
"chr17:4500718-4510556",3.27001422007459,3.64471769518839
"chr17:4514228-4519958",2.66840336799851,2.89630353151755
"chr17:5127038-5137019",1.87706022162849,1.76574921081498
"chr17:7493588-7494448",1.90348758650936,1.98606981421281
"chr17:8398659-8402488",2.36944261489208,2.4928599678406
"chr17:15555528-15557476",1.58830676163414,1.59267712749345
"chr17:18158677-18159739",2.14481354455374,2.249117838323
"chr17:18221563-18225831",1.60383868742894,1.6953626050024
"chr17:18232802-18233769",2.81388936545701,2.95645969625875
"chr17:18864065-18872002",1.62091778385342,2.02044524403191
"chr17:19454881-19458425",2.01723230031494,2.42861925813824
"chr17:19612173-19615916",2.54052510016692,2.64134032610319
"chr17:21092276-21094161",1.60868203696437,1.69453427353207
"chr17:21096678-21100493",1.68662006404534,1.95637370462771
"chr17:26669638-26671290",1.7086335297441,1.56894549187116
"chr17:29296453-29297119",2.00157031294032,1.88560643789052
"chr17:33565100-33568418",1.86499069389887,1.89431945973583
"chr17:36047495-36058982",3.07614807532669,3.59000313873436
"chr17:36059300-36060888",3.00405084372668,3.53056772339012
"chr17:36061282-36064824",3.00408317848995,3.53840038332597
"chr17:36892523-36894506",1.71148338943346,1.47411354529117
"chr17:36907069-36907973",1.9852422902395,2.07658897755726
"chr17:37891802-37894080",1.91297515738485,1.77207872241072
"chr17:39796551-39845037",1.57509674715559,1.9120017892306
"chr17:41448894-41453196",1.59447084838967,1.6474847528606
"chr17:43229568-43236597",1.85350984964517,2.0242037008274
"chr17:43240326-43246072",1.61823510929677,1.73242109327192
"chr17:45332754-45336624",2.32739095502775,2.74282159199986
"chr17:45336886-45351685",2.30810770175671,2.61557005281062
"chr17:45385103-45387405",1.77317066999431,2.0878451780024
"chr17:45389282-45395192",1.72876874235119,2.00122382716808
"chr17:46025754-46029233",1.71408124689031,1.95799712199582
"chr17:46035344-46045076",2.05518804298909,2.33896499869403
"chr17:46126622-46127869",2.01288595829893,2.02412131141445
"chr17:46138949-46147314",1.79448447812722,1.95422430663089
"chr17:48131091-48132893",1.87602077574311,1.85068134521704
"chr17:48158872-48163593",1.6723375734134,1.78256033617162
"chr17:48167945-48172001",2.42924042446343,2.76844518342373
"chr17:48175260-48177968",1.87860996111919,2.20512102888599
"chr17:48945768-48971029",2.04173686301729,2.38094882065442
"chr17:53366444-53381985",1.73646073976428,2.17715599272048
"chr17:55179191-55182702",1.54330126130647,1.94340763623718
"chr17:55607185-55643184",2.03306550258954,2.30772036667276
"chr17:55927517-55938504",1.86718791074575,1.81084615655208
"chr17:57409285-57422417",2.97638158550795,3.09134299018148
"chr17:63053057-63096830",1.70506940694411,1.78183559304087
"chr17:66440830-66444346",1.57538764437976,1.86778564933433
"chr17:72421171-72426952",2.35908340197232,2.7596467234125
"chr17:72429996-72435784",2.3496467267665,2.53072564729456
"chr17:72437066-72439116",2.17092335780906,2.42898899105558
"chr17:72447892-72462455",2.13989610825546,2.38422810492686
"chr17:72743782-72744612",2.86030320005206,3.15221580360097
"chr17:73075744-73083722",1.96836443312292,1.87452075611863
"chr17:73627848-73629414",1.59633493486138,1.87622992476193
"chr17:73704242-73717308",1.66146837387652,1.74048426208179
"chr17:74549760-74551018",2.37613542446879,2.42387891172532
"chr17:75291085-75303123",1.58185722593613,1.3618108294049
"chr17:75316530-75318592",2.13183471218147,2.55359406075908
"chr17:76183614-76186692",3.428511290953,3.65623431192032
"chr17:76340538-76343338",2.54769416384126,2.5019396410717
"chr17:76343979-76352764",2.1650110906399,2.21372896402482
"chr17:76837623-76841935",2.04307275259268,2.2247715296661
"chr17:78227399-78234565",1.53740020435284,1.63970080129602
"chr17:80159928-80165339",2.44621987984323,2.47769348766134
"chr17:80212655-80212906",1.60037368149138,1.50182619157435
"chr17:80231707-80247822",1.71052140107487,1.59378837558561
"chr17:80249539-80250299",1.91972510507688,1.88561903076905
"chr18:627672-633198",1.93518325517461,2.08527224045921
"chr18:633535-641220",2.01375170183945,2.1790527010975
"chr18:641641-644810",2.57778188912203,2.98910795145832
"chr18:654314-657122",1.76088468107179,1.83563535258198
"chr18:3278382-3284043",1.88921644608296,2.08932255363746
"chr18:3656382-3673505",3.57049394949634,3.86696294231181
"chr18:11981864-11993887",2.09592954863531,2.43005106347888
"chr18:12010320-12012069",3.05183804562817,3.25856932444712
"chr18:12012448-12014164",3.14774980058177,3.34497099946778
"chr18:12021921-12027942",2.26061478823617,2.57875662978305
"chr18:12032280-12039592",2.59865796635052,2.85297490666729
"chr18:34092606-34124414",2.11030288858896,2.2925005412577
"chr18:34124750-34156314",1.77977662534633,1.6721044396204
"chr18:55254104-55256638",1.79809824017136,1.84637483541261
"chr18:56205884-56211360",2.31232780845878,2.56286492501248
"chr18:60987461-60994859",2.14874300909867,2.27516716202461
"chr18:72168807-72172984",1.57035365051963,1.5388827754827
"chr18:72181153-72183363",2.34037347260587,2.35510669673043
"chr18:72186431-72187134",2.35316348316708,2.33742941871507
"chr18:72188466-72201575",2.02634296510817,2.27797524980159
"chr19:1592982-1597071",1.52670063677964,1.39817259858176
"chr19:5799267-5822836",2.5605853683794,2.99474785981983
"chr19:5824445-5827660",2.78550870230263,3.25750465799142
"chr19:5828435-5830521",2.48924870313943,2.86167799657709
"chr19:5833016-5834218",1.76724262803112,2.42816763089726
"chr19:6734418-6735285",1.50722136923566,1.64767419242554
"chr19:18512097-18520404",2.80088063505832,3.00146183010377
"chr19:31603565-31638841",2.27273190035462,2.66396530040874
"chr19:34660795-34663309",2.36537766469487,2.6732421325888
"chr19:38785376-38792157",2.26449177176213,2.31297704254008
"chr19:40775596-40776305",1.55976257004315,1.86035763668119
"chr19:40785646-40786589",1.67760461358878,1.97799686276105
"chr19:40786839-40788024",1.68650534748223,1.97259453419214
"chr19:40789172-40790572",1.56097005084004,1.90521360947027
"chr19:41248775-41249710",1.78482252444895,1.7863820061527
"chr19:46896338-46913529",1.63191186980251,1.79609504298229
"chr19:49443058-49445597",2.22820002494522,2.29982744870147
"chr19:49828582-49834774",1.51714085352204,1.70934211747935
"chr19:51018047-51020049",1.63215404093901,1.81337943464315
"chr2:1643294-1647040",1.51989175367318,1.88328743901859
"chr2:1650042-1651844",1.59079742079108,2.02343914252891
"chr2:1653547-1656748",1.51923643827212,1.81920567185564
"chr2:1668946-1669886",1.66031826522557,1.99059651416917
"chr2:8724022-8740922",2.58229178082688,2.85641982305899
"chr2:8807017-8811014",1.6500787961164,1.91885248249854
"chr2:10195093-10196807",3.84332107155542,4.24027789694796
"chr2:10409318-10420657",2.24404391275114,2.31728770403603
"chr2:17719175-17720293",1.63974222399294,1.70635985472765
"chr2:20806514-20817482",2.11072790120881,2.12405123898034
"chr2:20850949-20866324",1.52790768578049,1.85703565921736
"chr2:20873518-20877469",2.01011276918967,2.40871979639231
"chr2:27931463-27938351",1.79893317314128,2.12969588110769
"chr2:27995822-27997191",1.90069821004658,2.02293158360869
"chr2:27997497-27998751",1.9807737021339,2.16293245914529
"chr2:27998962-28002200",2.06094717389876,2.04569639594239
"chr2:28002708-28004131",1.97320657701644,2.22656608830162
"chr2:28009286-28032066",2.11181487945462,2.36737852882063
"chr2:28640279-28648712",1.71793468526654,1.79777722623739
"chr2:29344487-29353380",1.73464249279126,2.29279804794913
"chr2:33774918-33780014",2.07208678185259,2.04821986236613
"chr2:43019833-43024265",2.72035242440226,2.95830133750783
"chr2:43025952-43039311",1.66260870678573,1.54505632141196
"chr2:44032794-44036744",3.18294035382558,3.43700829955904
"chr2:47587016-47595967",1.81402943502878,2.03448143000081
"chr2:54610979-54683322",1.53320810656628,1.84202969489224
"chr2:69951218-69969006",2.57420608328159,2.7090824524868
"chr2:74647942-74648570",2.09593629841008,2.07625553817617
"chr2:74726943-74728524",1.62436114039154,1.55583969859697
"chr2:75720835-75734607",1.97044864128653,2.3312128062694
"chr2:75825785-75848826",2.17013294945808,2.66975682902789
"chr2:85618975-85621771",1.68348294644419,1.75440188083395
"chr2:95669688-95690838",1.70043483856036,2.15514706191639
"chr2:95692554-95709941",1.87591637517575,2.16733301042367
"chr2:95710478-95713604",1.83650281257586,2.16551703703018
"chr2:95715551-95717040",2.3166544190768,2.60569077894048
"chr2:105450050-105467670",2.3156816009765,2.79587903807552
"chr2:105477029-105481765",2.09356564670556,2.58701747382044
"chr2:105489153-105494580",3.43838380047467,3.8581590821222
"chr2:106694715-106709659",1.84525040155825,2.07820267087303
"chr2:108910910-108913007",1.8172331721034,2.25151301645205
"chr2:113969296-113973474",2.74669747457289,3.20406980010525
"chr2:113978154-113983074",2.2980840354144,2.79521955939916
"chr2:113984933-113987993",2.12978977557624,2.59178109990196
"chr2:113988293-113992822",2.08051550609407,2.51144951800665
"chr2:113995889-113996566",2.01708179768945,2.18451007263832
"chr2:127806309-127807858",2.60885417139893,2.88346506216236
"chr2:127808919-127809731",1.9929617138604,2.26153293016921
"chr2:127816831-127818072",2.29115443557828,2.52444513660517
"chr2:127822604-127825639",1.88192921888498,2.18269682177507
"chr2:127834382-127864336",2.74716440287854,3.04015685264064
"chr2:128284562-128293278",2.49715848715047,2.70645750224098
"chr2:128293507-128301682",2.33810671817072,2.5547636530468
"chr2:135315030-135362798",1.65072004766521,1.75387933092673
"chr2:143639099-143642818",2.02164002872499,1.94638001354574
"chr2:153476332-153478951",1.84434475273484,2.1667741419262
"chr2:153479171-153481562",2.01376263769246,2.34707226263028
"chr2:162841892-162848651",2.89019041157131,3.27376268307767
"chr2:162849994-162851371",2.11607007979904,2.44811909654054
"chr2:162881549-162887352",1.87359225404087,2.26564651166224
"chr2:165581617-165583516",1.68925861072525,1.99639725730611
"chr2:165586725-165594656",1.62916528479025,1.73610304424982
"chr2:165700289-165705252",2.10603010828259,2.20380411776352
"chr2:165772583-165793760",1.68719730386958,2.00869697666457
"chr2:174834246-174876484",1.65343767022,1.75686630416513
"chr2:188392107-188393991",1.50036500272496,1.99542466195605
"chr2:189162415-189188468",1.76248375411885,2.27150998283281
"chr2:191761394-191765190",1.75496495905493,1.94611347369398
"chr2:191785074-191785650",1.55731384629222,1.72770583313993
"chr2:191825993-191827456",2.10147000920379,2.43233507236571
"chr2:200325355-200329459",2.13320608231158,2.29159978114241
"chr2:201248840-201251798",1.80017234784613,1.9255907914671
"chr2:201252087-201253846",1.96099141384347,1.98588760835159
"chr2:201337875-201342259",1.50916959391929,1.65358679636772
"chr2:201729522-201734246",1.58583297700213,1.71159545832446
"chr2:209180197-209182491",2.0320178906346,2.26477443256345
"chr2:216878446-216897412",2.21518110693179,2.53039925022665
"chr2:219232922-219238248",1.58810973929481,1.75261627512352
"chr2:220108764-220109851",1.83465269574397,1.85778646134225
"chr2:227820999-227833605",2.0006217030218,2.49047123839843
"chr2:227833938-227850511",2.27316437309692,2.76131025159887
"chr2:232227604-232234564",1.53422134707931,1.65432544027702
"chr2:236388593-236402633",1.61841165118746,1.86827319753002
"chr2:241171958-241195121",1.67679465653323,2.05139661584888
"chr20:281065-300857",1.50450378191968,1.48031326072859
"chr20:301525-302922",1.79202707253245,1.97161860427703
"chr20:14308304-14309468",3.25454374546157,3.50166476807607
"chr20:14310073-14317950",3.91403859371614,4.16963797100936
"chr20:33099298-33104114",2.31220367844376,2.39527263005961
"chr20:33511334-33513401",2.04651988223848,2.0941554136204
"chr20:33517493-33519039",2.11583255490716,2.09364968262159
"chr20:33524926-33529416",1.71812060688572,1.97736939825269
"chr20:33880304-33890269",1.87675951958929,1.82565439177046
"chr20:43053881-43056875",1.83788724967422,2.40639488339238
"chr20:46107854-46112922",2.09906229162613,2.08071681305411
"chr20:46597624-46609132",1.80080416440447,2.03218214485517
"chr20:46691877-46711896",2.47892288754606,2.82242172723838
"chr20:46999472-47004401",3.13128319597828,3.46881384966261
"chr20:48411551-48429150",2.80116993765703,2.78871257129674
"chr20:49278912-49307563",1.86885654683043,2.21668014667984
"chr20:49370378-49373122",2.8777047958205,2.87019143490981
"chr20:52713410-52769888",2.6044599634232,2.81957351917074
"chr20:52771572-52773608",2.13067296656145,2.65107814350981
"chr20:52775762-52779019",1.58760890794061,2.04608585184112
"chr20:52782472-52786031",1.7062707777716,2.18337068020999
"chr20:61184713-61207454",1.61358020939811,1.7804139524146
"chr20:62357470-62364471",1.73446684007093,2.04526198539392
"chr21:16108886-16118983",2.37599818807446,2.71226304519313
"chr21:16437421-16439291",2.17427680602088,2.43977735881292
"chr21:28217828-28222178",2.83430210986637,3.14963275981908
"chr21:39610686-39628563",1.65464011910319,1.8664410719911
"chr21:39629207-39639121",2.73224696311355,2.96656496581059
"chr21:39644579-39657409",2.26936830338069,2.78064988981899
"chr21:39657711-39663428",2.48307444464889,2.90853507921411
"chr21:39663769-39668379",2.23733250869824,2.54036284242966
"chr21:44786546-44834295",1.68670657817123,2.03571195085414
"chr21:46823049-46824952",1.93506985371257,1.9859708257342
"chr21:47557348-47558322",1.63480000076646,1.93175766661772
"chr21:47559066-47561923",1.85338559588714,2.17939041144334
"chr21:47562755-47564240",1.78252501823582,2.13294916069629
"chr22:18484367-18486936",1.8856124809232,2.00164749755271
"chr22:37711482-37735524",2.50757356748722,2.77996579965622
"chr22:37781423-37813708",1.58397306365797,1.97383741987482
"chr22:38006806-38008443",1.84949156987878,2.0397641253865
"chr22:38795034-38820193",3.73206205516943,4.06767602695403
"chr22:38824276-38850886",3.03564547555228,3.3136353910701
"chr22:39182102-39185366",2.07870312425124,2.04847224659906
"chr22:41913735-41914385",1.90613721115943,2.19410152537569
"chr22:41925440-41926591",1.85404280314452,2.04350657973207
"chr22:41929791-41935047",2.25730397741953,2.30113895271511
"chr22:43066898-43088027",1.82013753801719,2.10196129099035
"chr22:43091739-43117071",1.61318618253374,1.91549895483452
"chr22:45136188-45148338",2.56996786994402,2.68628826420907
"chr22:50913554-50919885",3.17480666863515,3.50785807121891
"chr3:312642-324272",2.61775194204503,2.9605620937776
"chr3:4777409-4790776",2.54476658639076,2.93832545928366
"chr3:5261742-5264860",1.66748541192663,1.69896618191786
"chr3:11179185-11196114",2.19509786706584,2.43245443173888
"chr3:14489796-14499358",1.76335275300293,1.83671297208929
"chr3:14523449-14526275",1.53409482484497,1.67430826934289
"chr3:30637067-30647894",1.71798511406207,1.73756169443088
"chr3:32033220-32045604",1.82482206846951,1.84486115335898
"chr3:37218123-37223498",1.51488715284572,1.56847105015945
"chr3:43680675-43694339",1.69973050026605,1.66130115371001
"chr3:45870207-45872305",3.22625621021891,3.72334109392424
"chr3:48446097-48447031",1.72247706793559,1.63061673000506
"chr3:48448598-48450637",1.63396536832125,1.519705504533
"chr3:48466842-48470562",1.79454964116997,1.60198798545584
"chr3:48577304-48580913",1.70915096583163,1.94012628484838
"chr3:57176634-57184218",1.69688573987683,1.86074309356565
"chr3:58260642-58270712",1.52801754471645,1.69239132764661
"chr3:58281520-58291874",2.08292769658273,2.52763211750244
"chr3:58455183-58474024",1.61692055559407,1.71801370807235
"chr3:64856504-64945067",2.08192984703049,2.41106037667474
"chr3:69222670-69225575",1.7501089909833,1.93303157963611
"chr3:98627508-98643805",1.95935070651387,2.12546857468488
"chr3:101842020-101894427",1.69556644872727,1.80608770013952
"chr3:101894752-101911088",2.49728649535117,2.83276267517921
"chr3:111565394-111577927",1.77724875775121,2.05179876495821
"chr3:111604742-111630357",1.68907310187746,1.81732465939815
"chr3:111659592-111664015",1.60709540075567,1.8492025664283
"chr3:111664387-111667679",1.87532677329674,2.08318210887702
"chr3:111668696-111671319",1.79406116548972,1.96412727113649
"chr3:111671659-111672519",1.82420813085611,2.01096688516901
"chr3:111679127-111680692",1.59523286513164,1.75633439304489
"chr3:111681259-111685360",1.57788899306697,1.7834601579202
"chr3:112052171-112054573",2.0597859131968,2.36811668822435
"chr3:112054964-112059649",2.46572194234151,2.77828566300066
"chr3:112059930-112063709",4.18977779572797,4.58707162003584
"chr3:112064235-112066305",3.60229470326763,3.8162851415679
"chr3:112066777-112068459",3.67394818512431,4.02105253145427
"chr3:112068766-112080290",3.24344751057694,3.58682737093108
"chr3:112081759-112115394",3.79389357429645,4.15505880259531
"chr3:112198716-112218018",2.22574754829367,2.2169671337232
"chr3:112218508-112242934",2.93800030956087,3.38168208150014
"chr3:125985801-126006756",1.62410808693333,1.54274675775596
"chr3:134080749-134084559",1.90188007351728,2.09427840800353
"chr3:134086745-134089442",1.60666505384535,1.89105856451596
"chr3:135860145-135863785",3.05999555256966,3.37691515387139
"chr3:135866833-135867664",2.85150736957956,3.04071593904827
"chr3:138092018-138116066",1.9489372901587,2.22430615174596
"chr3:138553880-138607997",1.89922573960494,1.9781628685312
"chr3:141043398-141085043",3.10259700393602,3.36655702097696
"chr3:145879054-145881281",1.64653165167142,1.84071985207053
"chr3:156534951-156543170",2.07414772575846,2.06158649574887
"chr3:159571346-159583852",1.63660137773108,2.10163354264203
"chr3:159606832-159609786",2.57080046513116,2.76147841192311
"chr3:159612612-159614412",2.14510457814185,2.52142045296363
"chr3:171178297-171185773",1.64597779849277,1.81989032713
"chr3:172227211-172229135",1.87986662883943,2.06137550057164
"chr3:172229549-172232551",1.85411552067218,1.99047986054372
"chr3:172232888-172235045",1.55408549184119,1.92389365753423
"chr3:172236355-172239918",1.54079196536594,1.72293847956652
"chr3:172292230-172308403",2.25994497231273,2.57096551326199
"chr3:172313497-172321130",1.76769303238514,1.74543172294143
"chr3:172321896-172347939",2.41945363533204,2.71899533480543
"chr3:172351982-172353606",1.9485650442802,1.94482183995187
"chr3:172354074-172361383",1.59618378202013,1.83795116876374
"chr3:184300297-184402174",2.03020533194931,2.14881696690527
"chr3:189675893-189680056",1.6902068037649,1.97949605153618
"chr3:189706927-189711783",2.09140647779716,2.47735134515573
"chr3:194005257-194014154",1.54408190898666,1.86695414322165
"chr3:194284830-194304640",1.56001767253528,1.3228516631497
"chr3:194305277-194308302",1.64491573885255,1.51696228009407
"chr4:1162062-1163451",2.1722036347345,2.40537740195132
"chr4:1191020-1192716",1.59972581494285,1.91838965616018
"chr4:3380418-3386773",2.38043967202034,2.64677642705321
"chr4:3388264-3414613",1.59519652938971,1.88446433728702
"chr4:5743641-5746831",2.12103433039247,2.19634359325111
"chr4:9989221-9997193",1.812415101028,1.98314507877207
"chr4:10011449-10020499",1.66000788823337,1.82140261583183
"chr4:11497509-11552564",1.64269322200434,1.80166420932474
"chr4:16078376-16079624",1.91265429412734,2.13903130726645
"chr4:37455762-37493675",2.07138789082383,2.47471145180326
"chr4:57891803-57896270",2.00511572565465,2.04582142272314
"chr4:57899577-57906890",1.65378065212701,1.7839630654684
"chr4:69812279-69816664",3.61675777891591,4.02984331437581
"chr4:89505223-89513474",1.8505308578254,2.10858867025463
"chr4:110640017-110650658",2.04356754472716,2.08114974038187
"chr4:110651333-110659049",2.1334172556549,2.5028956310466
"chr4:114683183-114689085",1.9848978153601,2.19033193098753
"chr4:114900983-114902581",1.50486749478369,1.63365526992424
"chr4:119810396-119927087",1.64773452827057,1.56762326699339
"chr4:123666198-123721793",2.0118366559783,2.17561679756886
"chr4:129258992-129315438",1.6724022937968,1.62867496916285
"chr4:129423391-129432466",2.17052059872135,2.39144778775856
"chr4:129432900-129436912",2.52158395340469,2.73711925526587
"chr4:129437253-129439811",2.53267677654658,2.70718057484247
"chr4:129440649-129473645",1.67142100671617,2.14006986216369
"chr4:157671706-157681506",1.75335697167964,1.83371773620561
"chr4:159670496-159690190",1.55103633182136,1.79065227138488
"chr4:178138041-178163593",2.09091500084386,2.25869952794622
"chr4:185398558-185401798",1.77056954239218,1.75478397749026
"chr4:185448577-185458556",1.78244490446331,2.02509106032229
"chr4:186043676-186064295",1.52827351771593,1.51663204024455
"chr4:187510474-187511422",1.79992051296645,1.76917421032155
"chr4:187511949-187513747",1.72688546801325,1.71264447402398
"chr4:187514006-187516743",1.71088577997214,1.69699365571604
"chr4:187522954-187523957",2.16253962223764,2.33310927037977
"chr4:187647976-187687663",3.21931834884376,3.25297310542128
"chr4:187724791-187769084",1.52878094102241,1.63279281700482
"chr5:34000750-34004579",3.1062617223953,3.52086432282044
"chr5:37766606-37793885",1.7022632488136,1.6726454991858
"chr5:39383473-39385170",2.0609047392746,2.41062742156386
"chr5:39385630-39387699",2.00772201533663,2.32305114228402
"chr5:39425435-39450174",2.41343294843919,2.71512218492097
"chr5:54864357-54921573",1.83297969012104,1.63996450449003
"chr5:68784638-68788019",1.79960470238698,2.12235644216637
"chr5:72413267-72416019",2.20329911884903,2.5771806877069
"chr5:72419940-72424117",2.55133086238621,3.05333131030227
"chr5:72424458-72425916",2.74158231885281,3.20938319655288
"chr5:74227742-74268249",2.53212134644154,2.79478209659769
"chr5:76131240-76132627",1.93080882419797,1.86160554363787
"chr5:82830092-82831333",1.60208462562807,1.87759411458031
"chr5:83684081-83695303",2.02519376548946,2.28734952535952
"chr5:83851962-83886441",2.30888355225427,2.61628612041761
"chr5:95155306-95157814",1.57302849642791,1.73881293925664
"chr5:118601731-118604287",1.86069750606986,2.15523647537212
"chr5:125739210-125758738",2.89941440628071,2.84868047698028
"chr5:131616747-131630036",2.17032022568308,2.46355932461624
"chr5:131631414-131646878",1.77236716921643,2.07509210000964
"chr5:131648057-131649207",2.38259244822915,2.74044190291923
"chr5:131649561-131655264",1.82148328481115,1.9974541025529
"chr5:131689504-131695673",1.93070449813462,2.26731213077925
"chr5:131695928-131700527",2.12948134526568,2.43132419208764
"chr5:131706157-131711678",3.05538120789941,3.33912704708926
"chr5:131720093-131720920",2.604241056884,2.80354304310588
"chr5:131721291-131722617",2.60587389512052,2.81589474752903
"chr5:131723658-131724503",2.6828578245629,2.92326166071818
"chr5:131726696-131728025",2.55257867898713,2.82200390774036
"chr5:133853885-133859903",1.64025593561085,2.03583375523976
"chr5:134907658-134910162",1.92535892516564,2.23839639670478
"chr5:134910475-134914024",1.68408567581187,2.06192766254617
"chr5:137146540-137149922",2.56801069252681,2.94810008683438
"chr5:138289222-138328358",1.67126531823261,2.02965880099636
"chr5:149014631-149021152",1.56848610300517,1.58216805212417
"chr5:156339423-156346193",2.33035326926175,2.69868116210415
"chr5:156362787-156370092",2.22826240503433,2.37478931036377
"chr5:167691262-167718556",2.29112076192658,2.55368785631296
"chr5:175965126-175969412",3.00283076226354,3.24809399901943
"chr5:175970818-175974336",1.58041735523474,1.94552592443403
"chr5:177659892-177664519",1.57216080629634,2.00398615910057
"chr6:1310108-1312575",1.71129506494549,1.79904071604448
"chr6:1600965-1610581",2.7164515200018,2.89037243978825
"chr6:2751300-2765548",2.57187163910122,2.85618728608337
"chr6:7252313-7268439",2.04280380281683,2.17345364458616
"chr6:7990990-8006722",2.7856627099528,2.96672690714253
"chr6:15525000-15533367",2.12029802429667,2.40960353741746
"chr6:15533878-15544775",2.20226107580381,2.56760690084426
"chr6:22020871-22056675",1.74920422129245,1.84979619605714
"chr6:24381241-24387161",2.17792017180396,2.51171739356854
"chr6:25278254-25279206",2.36670584464881,2.42545857234262
"chr6:25969748-25971997",1.86960535865499,2.02812914364059
"chr6:25987484-25990889",2.90643178917926,3.01738361811015
"chr6:28912414-28936807",1.63948212158192,1.60121113614528
"chr6:29757131-29758631",1.58477524305746,1.84531067095774
"chr6:30894336-30899030",1.59218918434215,1.61613910377112
"chr6:31136274-31137893",2.18972477144787,2.44709637643872
"chr6:31138570-31141412",2.17405556459317,2.43932781551549
"chr6:31147727-31148296",2.14650486542633,2.28836351934737
"chr6:31148608-31162877",1.96861742637625,2.14515852310351
"chr6:32066083-32076858",2.33355247702619,2.48005811465391
"chr6:37183158-37185318",1.72176987477545,1.76503928717942
"chr6:39136942-39156649",1.8887727234431,2.22568825027991
"chr6:42110457-42123044",2.15869156032008,2.23957595024193
"chr6:51964654-52009047",3.41170358667046,3.59852273343869
"chr6:72086997-72113154",2.15069701100939,2.55322451623979
"chr6:72113424-72124048",1.84448593793626,2.1639641705021
"chr6:74280419-74303002",2.40811818278806,2.50185704153022
"chr6:97345857-97362477",1.7489751215833,1.87872293060337
"chr6:107006600-107008578",2.34058822566929,2.23449159372945
"chr6:107163126-107165227",1.59559909147692,2.08330048079125
"chr6:107166217-107172342",3.2970457915047,3.73943479402241
"chr6:107173364-107181757",3.38124932455452,3.76762717385076
"chr6:107183393-107186723",3.41286849416472,3.83410065008054
"chr6:107188062-107192716",3.19160903261137,3.59376806142858
"chr6:107195263-107197409",2.89207881005908,3.32166281325753
"chr6:107197763-107202175",2.97322804397117,3.39118909935166
"chr6:107202397-107203645",2.95785595225666,3.40406297618991
"chr6:107204236-107217901",2.77143755538289,3.23135518537063
"chr6:107222979-107230210",2.72532659704161,3.16754078267932
"chr6:107235516-107253691",1.97012486852127,2.36940292738831
"chr6:109704969-109711318",2.44614388925751,2.54687556225606
"chr6:135229211-135238428",2.46805088549857,2.86144573547075
"chr6:135240105-135247781",3.60414555602785,3.96186213251768
"chr6:136657325-136663775",1.54187182493825,1.29921320817331
"chr6:139888977-139930460",1.72329876978239,1.49111564707348
"chr6:143656767-143660676",1.93957693602137,1.8792847462566
"chr6:154651315-154677706",1.6268692112701,1.79619166825764
"chr6:154678026-154702841",3.4000128691782,3.5406303133469
"chr6:154827416-154831097",2.14289350515455,2.29413461603399
"chr6:159147935-159166412",2.75678880449572,3.04604074347314
"chr6:159166790-159172860",3.02839892119341,3.30733738097649
"chr6:161826684-161865918",2.55099094042852,2.94053562883346
"chr7:145530-148228",2.02187883119322,1.95234611745318
"chr7:803711-808012",2.56949586328752,2.77813025730463
"chr7:857236-870467",1.70991303513509,1.9112046554866
"chr7:918064-919327",1.69577177206002,1.73395688588171
"chr7:1128057-1130943",2.31410280573365,2.55744341318919
"chr7:1133551-1148864",2.23298217815548,2.62231311524751
"chr7:1200495-1201888",1.58590883921817,1.70204698581787
"chr7:7197157-7217483",3.03423663086199,3.31753705445432
"chr7:7218055-7222078",2.30811734740319,2.74588041051649
"chr7:20238393-20256822",2.15628670318303,2.48744925146197
"chr7:20371746-20391838",2.30334165517041,2.56285055400215
"chr7:20393080-20399495",2.02295477463161,2.2844445810994
"chr7:24772052-24782864",3.12622026009327,3.31788247156165
"chr7:26400781-26403845",1.68451015792352,2.08437977096118
"chr7:27136107-27138358",2.00130521953988,1.85996365130971
"chr7:27142530-27145703",2.10656065264644,2.15431662308124
"chr7:27150479-27153144",3.10537106629091,3.25124491184055
"chr7:27153712-27154867",2.23874867636591,2.29549157469574
"chr7:27156383-27159035",3.08975349657762,3.21272512136096
"chr7:27159314-27160456",3.89238036748252,4.12175241229777
"chr7:27164329-27166405",2.98574107282419,3.21209285078241
"chr7:27187493-27189571",1.80999820407863,1.93581188569526
"chr7:27203560-27204397",2.24392272357318,2.62959854030916
"chr7:27205249-27208138",1.89552088185231,2.31238113299053
"chr7:28764393-28766198",1.85601873600354,2.21819975325802
"chr7:28789262-28801469",3.34736822605114,3.88981995799152
"chr7:30932102-30951370",1.68446922904253,1.99397089590906
"chr7:30953106-30960815",1.60727744055089,1.9025199914338
"chr7:35762560-35771905",1.68877171068278,1.8152252560482
"chr7:44323924-44363310",2.86141217022938,3.14624680261158
"chr7:44809577-44812576",1.66829758408712,1.64218239993618
"chr7:48117487-48128125",1.52331494158544,1.88897898050545
"chr7:66108138-66119425",1.59996222047449,1.60042533979885
"chr7:66805111-66810091",1.91507223016469,1.99464992248261
"chr7:73668874-73672756",1.85955786199591,1.89370254020554
"chr7:76885926-76886418",2.11205152181378,2.13590690482018
"chr7:76887540-76888212",2.01621914584605,2.07779788522211
"chr7:94259253-94268553",2.24733476179281,2.58270875601378
"chr7:99332919-99354504",2.78435396069489,2.92739515569101
"chr7:100804977-100805690",1.6601630730731,1.90806764315126
"chr7:102755887-102759924",1.92805672614883,2.14111928043205
"chr7:102760770-102767137",1.90314053030012,1.94912200082234
"chr7:107561748-107564144",2.06581034016282,2.35387235295287
"chr7:107564934-107566528",2.99853243490651,3.28774339109974
"chr7:107566904-107569409",2.91688216998089,3.05894201120412
"chr7:107570522-107571701",3.08188219898154,3.00548210651807
"chr7:107573169-107575701",2.66064033804064,2.88343503268437
"chr7:107577822-107580334",1.59023635368368,1.69638032682896
"chr7:107581109-107582461",2.53241459947162,2.61898923180349
"chr7:107583285-107591446",2.58799383846094,2.67135038477385
"chr7:107605232-107613337",2.57425716735673,2.62470854607402
"chr7:107643800-107663893",3.10478454002102,3.29752575988511
"chr7:116204322-116210914",3.64273443841503,3.96663212807081
"chr7:116392342-116395309",1.67921720006682,1.82646077335717
"chr7:116399644-116403004",1.71635329148553,2.0082739095604
"chr7:116403422-116409599",1.66364610313448,1.83320988757833
"chr7:116423623-116435609",1.91578881673588,2.02994367299275
"chr7:116438540-116451024",2.21389100689462,2.52922859031597
"chr7:128590189-128594848",2.00047648623326,2.07820950866839
"chr7:128804902-128806181",2.74958084592221,2.85365814020461
"chr7:128809638-128811776",3.50481614000921,3.86952741523277
"chr7:134671552-134672526",2.33830144182084,2.4827794100761
"chr7:134673215-134673901",1.74612863677784,1.69021569963597
"chr7:134854399-134855051",2.59630312147551,2.90917030571464
"chr7:134855647-134868490",2.7676770837052,3.12879250711272
"chr7:134872021-134873065",2.42201704826358,2.56686083191008
"chr7:134874304-134877867",2.38048762237301,2.67548484382152
"chr7:134878725-134879586",2.58733844177518,2.64250743236104
"chr7:134889317-134890580",2.43758714322099,2.64805846683157
"chr7:134894607-134895485",2.60134088273075,2.79924702431807
"chr7:142242847-142245203",1.74364535693495,2.14028009312746
"chr7:150477237-150487487",1.58447926949299,1.93618178070329
"chr7:150491259-150493354",2.07149826895437,2.46333685818169
"chr7:150493920-150497010",1.97860974638448,2.39669834162512
"chr7:151614110-151638029",2.60714163624368,2.67027265642223
"chr7:155596520-155598890",1.9436307873961,2.49561334239959
"chr7:155742769-155755226",1.80290331824667,2.26230667945997
"chr7:156398558-156419466",1.95783446850453,1.93674493455121
"chr7:156521514-156526455",1.67704718708109,1.82157090110987
"chr7:158623044-158649169",1.56563969314616,1.51192737587419
"chr7:158649541-158662037",1.8619715315756,1.91429528818392
"chr8:1707777-1710056",1.63423178763987,1.69219132669975
"chr8:1924744-1948351",3.04290758763103,3.53548355961976
"chr8:22065129-22066858",3.10725556670018,3.47029134597684
"chr8:22067308-22069007",2.62262253324927,2.88858371299022
"chr8:22947901-22951073",3.16677944796594,3.45844995525794
"chr8:23021643-23039707",2.29865920208082,2.06809650621283
"chr8:23331957-23340429",1.63998685476537,1.85062221568383
"chr8:23342584-23350422",1.93660056732723,2.10169530092754
"chr8:23426578-23428748",1.51596627865617,1.68618767940009
"chr8:30244940-30255343",1.85206171215077,2.21295422412984
"chr8:30255602-30300033",1.6588446939549,1.96629965790189
"chr8:30311421-30332195",3.327768850475,3.57636984286175
"chr8:30335453-30336731",3.54564897383251,3.7930803631447
"chr8:30336993-30361703",2.07332319009382,2.35123605812531
"chr8:30395340-30401911",2.34600882170979,2.51674505067264
"chr8:30403208-30404709",2.03219475776601,2.10323674195296
"chr8:30405139-30406917",2.62252601675527,2.84766240955627
"chr8:30407202-30413870",2.48617759991892,2.5447928396984
"chr8:30414415-30415598",2.70363799697657,2.91917279874199
"chr8:30416573-30419361",2.31722678282516,2.54222923342889
"chr8:30419766-30421467",2.34569783602576,2.63463392392709
"chr8:30423977-30428054",2.56400182216871,2.78339841668018
"chr8:32406444-32442699",1.91058042880987,2.02231600516447
"chr8:32585696-32597648",1.77063195015797,1.86879329612416
"chr8:41655240-41660767",2.90782172523683,3.16623646137699
"chr8:41661068-41685583",1.80519302496039,2.13747947328939
"chr8:66622897-66626469",1.78570101686263,1.96614092656549
"chr8:67068045-67086606",1.92752257646979,2.2921503945849
"chr8:76314296-76320049",1.98285900905431,1.98551520823883
"chr8:98775446-98784441",1.57141365409629,1.80316210206285
"chr8:98784753-98786106",1.54948119003645,1.72457345990282
"chr8:117456266-117486687",2.03200747337524,2.43346168245421
"chr8:120546792-120569226",2.72121533510115,2.75035977309742
"chr8:127570738-127594776",3.01701046895886,3.12249361484675
"chr8:145118835-145132805",3.39860666613174,3.63190100335144
"chr9:8830120-8857538",1.7723196241622,1.69820343714994
"chr9:8862355-8888036",1.63645131224637,1.95646230521546
"chr9:21559768-21617691",2.11900302453772,2.12556154804608
"chr9:37462220-37465112",2.02547038355836,2.20550100916894
"chr9:38069310-38085237",1.62235435649694,1.63267230474034
"chr9:71146077-71151396",2.7006731633596,3.05460603188389
"chr9:73168326-73193981",3.50920602572279,3.86245332128165
"chr9:74764698-74781637",1.63694312493838,1.59645488157698
"chr9:75516296-75520774",2.29971557431272,2.59185793715208
"chr9:75521048-75524418",2.0614753268279,2.3485266519593
"chr9:75533838-75538665",1.8845543152193,2.2033699499595
"chr9:79230178-79234156",1.59161647529669,1.98414200210733
"chr9:79240074-79244008",1.53990432529109,2.1041391611412
"chr9:79307216-79317524",1.94884533299903,2.41027557789559
"chr9:84202843-84205620",1.87644046633029,1.99169188068387
"chr9:94907568-94909774",2.5363731267674,2.89624038499353
"chr9:112260690-112270620",1.73230288477936,1.83997571457758
"chr9:114639067-114658946",2.97884475498543,3.11830271353563
"chr9:114678216-114684997",1.93600137868979,2.09150989790491
"chr9:114685331-114686957",1.8021032771221,2.13300867149717
"chr9:114687258-114688564",1.718517784461,2.05524749285881
"chr9:114688876-114691429",1.89707121835345,1.74951934543122
"chr9:114692058-114693451",1.82267857344807,1.92772347953063
"chr9:117008501-117012795",1.62442000195893,1.59700793862156
"chr9:117750632-117782706",1.65394852149657,1.69806237701137
"chr9:124223695-124225471",2.19294506622683,2.13438175104223
"chr9:130331467-130341101",2.96019997775459,3.02134219647209
"chr9:133990105-133993043",3.33802192612237,3.57707772657142
"chr9:136857826-136859358",1.51107467886443,1.40992244177234
"chr9:138838317-138839262",1.570460321545,1.80769430590467
"chr9:139695301-139697016",1.70982970097083,1.80095132866433
"chr9:139697338-139698279",1.7026658292979,1.77311223765538
"chrX:10006794-10029162",2.0949113076031,2.3220060907017
"chrX:38452616-38467368",1.58911588838787,1.7849281119892
"chrX:129244791-129260305",1.85449336528063,1.87478713674398
