"","ACC","BLCA","BRCA","CESC","CHOL","COADREAD","DLBC","ESCA","GBM","HNSC","KICH","KIRC","KIRP","LAML","LGG","LIHC","LUAD","LUSC","MESO","OV","PAAD","PCPG","PRAD","SARC","SKCM","STAD","TGCT","THCA","THYM","UCEC","UCS","UVM"
"chr14:78003550-78013811",-0.263229176024136,-0.136112430031382,-0.105183267662106,-0.154322914794122,-0.261985154507866,-0.128711636364446,-0.164651384131898,1.86080737922059,-0.272474950898554,-0.178821136189602,-0.0697879664036226,0.01244575675147,-0.199426622886306,5.82550744823445,-0.0929669243109767,-0.34207933290097,-0.0270755528667653,-0.112963882762173,-0.216303686578496,0.629852522304444,0.0186462525364301,-0.311648401429336,-0.230830568379249,-0.246875437830589,-0.254792346711385,1.59751945605676,-0.206602030255922,-0.223061048337332,-0.291873061458145,-0.252620224770609,-0.271366398540512,-0.396093575985504
"chr9:128305547-128321293",0.0644626999142763,-0.197408659089073,0.0300536985954853,-0.224916917209344,-0.0576191913317611,-0.175283533303634,-0.211950089212478,0.0680391365796406,-0.244742058433226,-0.202910463837015,6.16096208123468,0.126952616605859,-0.117769830870292,0.665508798673925,-0.233064894470191,-0.242090148076011,0.0571194182009698,-0.132654027253487,-0.158482795662435,-0.216542075777788,-0.178520706299731,-0.262884221339397,-0.179950008144641,-0.144360423346244,-0.237629758031671,0.0154168087183483,-0.190981567104604,1.22114842420607,-0.263021059355328,-0.244012548568347,-0.173050620404059,-0.31080345164436
"chr3:149205642-149212347",-0.202452882269927,-0.266850162910015,-0.29897407849406,-0.162185589624168,4.92205681861136,-0.154487777145451,-0.303034758219065,0.33789914569633,-0.321110652340084,-0.305209371780643,-0.321406197540614,-0.215495317078879,-0.134385311132878,-0.318505020649474,-0.320306305214812,2.74858464949308,0.108396533338212,-0.298393606925351,0.00033591740634245,-0.288324287173917,2.06906590131123,-0.223715632586865,-0.31463462051822,-0.297201874832691,-0.313172532077942,0.5119670047957,-0.188945038247073,-0.0384548051122449,-0.321184361596095,-0.237656512897605,-0.152268634278721,-0.322024238252393
"chr4:174455373-174457899",-0.275929185507616,-0.14389686037622,0.00133019004265267,-0.217986970149025,0.188479160842961,-0.0876116259037922,-0.273390631484976,-0.133156601103971,-0.00628334334083473,-0.242722283780952,-0.308914497565376,-0.300588529406633,-0.314020342053714,-0.320738296088432,-0.161143671824368,-0.127811442038728,-0.29174072745097,-0.257089207452219,0.173865751049709,-0.232441392416197,1.06386775080478,5.1364293756414,-0.254666628070961,0.924194926281651,-0.147490633637843,0.146072828595111,-0.0215616719445713,-0.230046366341796,-0.291645216178118,0.00443467293278378,0.149637352288429,-0.316106538894617
"chr1:167603143-167607527",-0.450799153021541,-0.212801777867843,0.074732794028026,-0.304897249255329,-0.0287480550493166,-0.309639379345858,2.03050516233971,0.124273524123969,-0.00923670112821684,-0.298627328126801,-0.342745355291014,0.620491380526424,-0.165010769517943,4.48459805849366,0.0918706594201573,-0.284279811481164,0.134258816475392,-0.0948676902835642,0.040192941838798,-0.383330240353764,0.190874679530859,-0.156761025631289,-0.302739948661913,0.0656157306501876,0.0784625098032498,0.495316350064075,-0.134694618087344,-0.162368575458365,1.93196395875577,-0.430341514001677,-0.338324456440707,-0.529496238993692
"chr19:14502404-14506962",-0.300013944937626,-0.153340941548814,-0.351998918070851,-0.159109578525646,-0.063801916789225,0.560445481749671,0.0698156362078775,1.3927850920974,-0.429442395385912,-0.297081144168602,-0.466450769576133,0.18067994862678,-0.191381359135478,4.72590808633991,-0.42079145638829,-0.382251153735368,0.370548358821535,-0.139821100815125,-0.026588234530665,0.462890895703978,0.231562645438461,-0.407289803766333,-0.393775170436473,0.118218765199087,0.00293816644748184,1.58023958391157,-0.346992868102515,-0.0978173230209515,-0.106610279974468,-0.273383336985196,-0.44061857649933,-0.285565083061504
"chr21:47033407-47062415",-0.130950486662807,-0.144824582288378,-0.142239809754982,-0.0100945390899461,-0.133454430886911,-0.126645006517067,1.5960746089359,-0.303177401797844,-0.281472973154817,0.0411037971064945,-0.274361003462429,-0.210901996577413,-0.185512313532432,-0.155912982274998,-0.00357171785657429,-0.0682455013644996,-0.108433153849397,0.00517499378341218,-0.0206486690287077,-0.320362375345812,-0.207279143694894,0.0214562866453011,-0.154508261391791,0.0438565478743707,0.153155645366188,-0.208101724044861,1.42024688632241,-0.160871777271089,4.94742168046236,0.0390933193154178,0.298805116366587,0.172690887758488
"chr17:61505160-61507729",-0.484879459445444,0.0228914786122945,0.217374524602604,-0.0828544649158065,-0.147252493856937,-0.0561163868128394,-0.479486992901848,-0.0863044774319298,-0.315282677626013,-0.194023615281913,-0.432303582095767,-0.371412711119547,-0.283667242016312,-0.13193748038349,-0.308159385949536,-0.239002923979456,-0.0898561129012682,-0.177026387913918,-0.363565273154576,-0.261203524070608,-0.0703866571803007,5.02974541808074,0.929723415511262,-0.0474432158096276,-0.387881021826257,-0.134285982245167,-0.449079515986203,-0.335276813282061,-0.461424117390891,0.0691322110039073,-0.0402893147730832,-0.605368154414252
"chr20:61294939-61296176",-0.295706485963947,-0.425244222248989,-0.309078017034316,0.0170571446009985,0.907942453883348,1.60530635413095,-0.495184256203738,0.579054800339529,0.219503901605785,-0.162318923736486,-0.281114530830133,-0.0893143151319626,-0.161427133157677,-0.257845158075988,-0.052419083307386,-0.485769407302341,-0.00636874595779062,-0.272328915977103,-0.523048984842794,-0.588912839836389,1.23781333548842,-0.598002630657123,-0.336586237462128,-0.614593640641703,1.9365856343772,0.793536430047517,-0.643433304326492,-0.620328924133925,-0.602307603280701,-0.430976585981539,-0.476527204868433,3.87749165541236
"chr17:18883086-18889361",-0.354275746462588,-0.287133535954607,-0.293929683711619,-0.196398784566465,0.286141911821532,-0.158975401484918,-0.334164101819857,0.535196565115467,-0.435112691413397,-0.0326592194494566,-0.310518755714191,1.93889164847869,0.91817065004634,0.398312756618422,-0.433494545962382,-0.19382886575794,-0.252527205225267,-0.175975315608025,-0.354819326567565,-0.368613701795554,-0.145495943399831,-0.413271273457854,-0.314305216562639,-0.373165888365058,0.867676141582078,0.114062809971841,-0.155525398309072,-0.254235003631466,-0.311075965425746,-0.324307631933128,-0.348308240794546,4.50684619069096
"chr2:43231172-43233040",-0.393365060220126,-0.156416313192938,-0.285417758045344,-0.192221481987287,2.29656246936347,1.53331143280993,-0.186700360786276,0.607298697824134,-0.338217872881395,-0.302737078226713,-0.388732122159679,-0.14825524548439,0.0483092671884052,1.85618788588563,-0.277182481256226,0.167994208433151,-0.323812936974464,-0.385488187775127,-0.374580718168192,-0.242386987821154,1.2953526403438,-0.376414472391462,-0.360150976538256,-0.37289518471429,-0.301604529728732,1.2956967954676,-0.0762437693651604,-0.342032570059062,3.50074767606594,-0.159030022600398,-0.0205157447949859,-0.414505776038686
"chr17:79354484-79355577",-0.3369794365568,-0.331656257721372,-0.326915602016529,-0.348056291857179,-0.174669872093241,-0.345887698021657,-0.348838159302532,-0.336665821417303,0.697629983763938,-0.36196999276709,-0.313309103652088,-0.339844784954462,-0.362383973968689,-0.185034769328598,2.22345358455725,-0.314093774635268,-0.263711005430223,-0.304995305201274,-0.136553189004211,-0.367599948953765,-0.296993106235447,-0.0439214880798076,-0.229547919506541,-0.281302692692278,2.78597361244126,-0.34461332282431,-0.267746152268181,-0.330979092677044,-0.350587315130003,-0.339328661449411,-0.108620116440713,3.48994963656775
"chr22:38367405-38368137",-0.492004752162313,-0.423562225129088,0.53662935422475,-0.458865774823138,-0.490337869485778,-0.421913213469788,-0.428782350515179,-0.302643248727987,1.16837375926815,-0.325770788228033,-0.446095768205184,-0.405800291662201,-0.476961931936933,-0.354045080888933,1.17161749875457,-0.509661588509953,-0.479078490582988,-0.398052645923713,-0.461321933342968,-0.454472483514187,-0.0454161426022959,0.169287210348663,-0.251513157060008,-0.390210498348667,3.04619279042157,-0.317640435504497,-0.316579206603057,-0.482638924395997,-0.483244578819277,-0.496807091703487,-0.466969337273991,3.31508152700487
"chr5:150595347-150603384",-0.0506812190622301,-0.0783642819148589,-0.0446546113971057,-0.0475645367714305,-0.0239770117799139,-0.114663245951852,2.75611165436394,0.0511756863044445,-0.471931791631449,0.00520178360969413,-0.30950193886863,0.123798359892272,-0.212349786576742,1.61687008161378,-0.390893238755328,-0.179204330849252,0.157090382203813,-0.0590589543270465,-0.00922390213145212,-0.28319958949861,0.076085952037034,-0.274059175303567,-0.230880644417777,-0.112134634310882,0.141390341982452,0.289286639389101,0.0632484225574529,-0.123721300014392,4.16537165117655,-0.20645400844169,-0.299496105530825,-0.367542447319115
"chr11:33724383-33730146",0.344186407083481,-0.27421021950145,0.326944079135524,-0.423649539288015,0.765687387841412,-0.437993146387878,-1.24467062550661,-0.30555153588067,-0.0449410697242999,0.0962631420420707,1.87837842753984,0.914888364172642,0.764585282430663,-3.14030353237669,-0.274301383016311,-0.166997278996516,0.00249247836871877,-0.254347314313916,0.260506714394166,-0.792898345854452,0.791624098192154,0.1006885255375,-0.339374876730419,0.0155367921075322,1.12239081821495,-0.645163117101033,-1.80112819467653,0.448272205401997,-0.445151686135003,-0.821320345753206,-0.985784536660611,1.22803033189314
"chr2:95669688-95690838",-0.477892370331244,0.173004863794526,-0.461643336065354,-0.165062699375629,-0.390460461497697,-0.561945435708112,0.10101840043393,-0.341228466141696,0.00670359215340932,-0.261908736264098,3.31557336627768,0.140757714016252,1.75130545048481,-0.517841106292695,0.498270313142319,-0.53943313852689,-0.187932773832854,-0.34562144933211,-0.497437635695653,0.352507010225638,-0.341646148594383,-0.324253521428894,-0.411311834017885,-0.436530492380942,0.135806227080547,-0.436587101984676,-0.377123963396229,0.825477773088655,2.48254548332708,0.362530844765871,0.322025030383247,1.8197655868118
"chr17:18891827-18906733",-0.320777707597527,-0.259385278419495,-0.282132366543653,-0.189727985129736,0.157947453611681,-0.195347407962622,-0.253223142841711,0.364202060348221,-0.34863616714729,-0.0830497875057595,-0.296773087579703,2.03416329999218,1.03409071831996,0.875099759416657,-0.344482138083329,-0.14701091979454,-0.288540318986036,-0.210239342330857,-0.284820434410421,-0.315756707381015,-0.263139612889889,-0.329014262707742,-0.295153442712298,-0.309229550475221,0.722029976461271,0.0260903305911508,-0.21258631298845,-0.299688055076806,-0.281685363167073,-0.300884610761107,-0.301044244917283,4.25695384437548
"chr16:1208074-1209448",2.96300910351797,-0.364568691660344,-0.112793096892315,-0.307590836803959,1.48017332267605,-0.338488218700242,-0.400011144434699,-0.363570235226057,-0.0235590766538311,-0.383211140032031,3.45525592079072,0.660037898925615,0.827778705351782,-0.390913151607918,0.262319573418187,-0.104584978920108,-0.264953955941637,-0.374817813283762,-0.109510616955189,-0.236049207519385,0.268450834654723,-0.212263936432822,-0.076271766448019,0.1638563610403,-0.364972465807939,-0.286090567016058,-0.307286597592354,0.92555581718621,-0.369436251221075,-0.373470986059563,-0.164291764437374,-0.246199670330906
"chrX:45624802-45627683",-0.444830503010167,0.0896237392982664,-0.330439992477272,0.138934208171172,-0.328377314197773,-0.00216393606948935,-0.00697200431148109,0.867486182431671,-0.281465942049014,0.0622432494896577,0.803232384559904,-0.0327710872552557,-0.265036756105127,4.78960757371036,-0.206551604030906,-0.463714963687587,-0.102935468658701,-0.0377569914697482,0.135565752805989,0.128771429574592,0.292989680380406,-0.338734426546668,-0.0961595596464997,0.0210836941834068,0.102691713059284,0.476543360357017,-0.406705225628006,0.766049263188647,-0.202744862923751,-0.297875347563702,-0.233364429403044,-0.404249009383511
"chr10:128335306-128358710",-0.321417844401066,-0.2908368245787,-0.122747333392769,-0.327012812953377,0.035467617726517,-0.338085619495429,-0.266763245201423,-0.27833508588449,0.545640185174469,-0.269146935047627,-0.26178557565498,-0.315124644796046,-0.27872655939779,-0.346973827210728,1.05101871376292,-0.304828874191605,-0.298922137883691,-0.142660939867274,-0.333204259914269,-0.343923108353344,-0.287836646667131,-0.297971686535915,-0.320962088870784,-0.189047685929091,3.05188734186568,-0.304763506523209,-0.332719726457626,-0.0654020400692456,-0.187308780611297,-0.274853059007371,-0.117617267947054,3.66567605558357
"chr17:27524903-27530341",0.580656559818518,0.392779536993345,0.395327110993118,0.222743592391391,-0.0702045106295319,0.503429942939692,-1.66579932723343,-0.360007037257179,-0.0440950327687137,0.133224820672856,1.22721827146738,-0.208702642022377,-0.071867851226057,-4.15185718531029,-0.14548203471611,-0.100106227018713,0.0154312924278213,0.103477242331432,0.0248604250851818,-1.10992570410518,0.0971643137389217,-0.283581583503504,0.12576209755524,-0.0194747865325925,-0.226558337803488,-0.529012969574887,-1.25577952638695,0.558202503403942,-1.08862374001998,0.228238570158623,-0.0618056522377605,-0.0994700555732813
"chr14:29238970-29241810",-0.337606649630182,-0.290625002848394,-0.308884980038265,-0.290467347715176,-0.339560222070433,-0.304765610283474,-0.170792291849883,-0.240873915381082,2.90499850954871,-0.206915894142805,-0.336760954380365,-0.297356288424052,-0.338510287881899,-0.351630624044354,2.7879262907418,-0.32957482708712,-0.304026820975587,-0.278893170543391,-0.194281824763685,-0.277677966475012,-0.340297093248566,-0.300200118861897,-0.327381098600796,0.0964964077765244,-0.221193609841984,-0.329194037085522,-0.171985635754737,-0.288186908474827,2.62419812196914,0.338970604347995,0.786764982327728,-0.331999551166787
"chr22:38374242-38379264",-0.379492955323857,-0.36186524970979,0.0917382831556406,-0.37722406105464,-0.339704465696987,-0.33336513923849,-0.353287653589085,-0.0950177512225853,0.534040520947919,-0.354792975044068,-0.32253486489592,-0.315865740404395,-0.3367022312026,0.336330833685813,0.987440505809377,-0.369548678230282,-0.329960714794081,-0.316422423054752,-0.36817142684337,-0.234511457586378,-0.166072599643017,-0.115336128721078,-0.307500610622825,-0.277318854950082,3.31639527012688,-0.158719616081374,-0.353274184154711,-0.3430140829793,-0.348877162077062,-0.357371383499014,-0.335928427292067,3.30296809516227
"chr1:167667179-167673801",-0.260608955759359,-0.216374958469894,0.0747514216451444,-0.225367572466225,0.0247763758392295,-0.166963295395775,1.28169361261376,-0.0520412369039775,0.21369560504915,-0.276928105910634,-0.296506475728407,0.593312848353262,-0.086454625561468,4.66680495539106,0.179012422540437,-0.291101146742571,0.263700341560316,-0.0297897053329358,0.096176336775439,-0.363443802968461,0.300468181855836,-0.258356602787136,-0.28856125187525,-0.0313003550080097,0.103723317471383,0.197735431650067,-0.0940068779142288,-0.171550573473778,0.996747600210377,-0.435014383911361,-0.415102650388316,-0.47321970416903
"chr19:8557007-8562548",-0.112748416394442,-0.395232661591905,-0.0674798848291008,-0.267510975601007,0.058795962775737,-0.284786543932914,-0.184628069564637,-0.270324686598845,0.869890360825095,-0.448295675251696,-0.171042689030234,0.312743329169433,0.515790652188014,4.65024331064821,0.882270614356898,-0.496578832563039,0.420672991314513,-0.0200873121341084,0.398290960448359,-0.269652880625918,0.47177389142965,-0.374915248257071,-0.013585265159155,-0.127489757703031,-0.253372707281967,-0.146520263448708,-0.172056715868,0.0519491970452547,0.359844092417526,-0.279459658974444,-0.466263447483025,-0.596885565673571
"chr12:66583312-66590560",-0.301050167083868,-0.183689471338264,-0.0940065093257723,-0.0624782890656878,-0.166556300915731,-0.224228972412331,-0.113244431958581,1.01826839270942,-0.224258219394526,-0.196727492339584,-0.365709546367576,0.0575270462038084,-0.2452909083125,4.66202441890631,-0.0862075111815506,-0.398262919547147,0.367400782699973,0.149352364047418,0.334491949400089,0.0444573937852029,0.49711051666998,-0.226536979292634,-0.226199410690988,0.0894205654350547,-0.144928631637342,1.18557128965619,-0.274198355747842,-0.298469347184792,-0.200926814392041,-0.320226642625476,0.0974493210783857,-0.526709166237081
"chr14:37128106-37130802",-0.287588206771038,-0.139655343514453,-0.184494866354314,0.0651032477475096,-0.27841212672169,-0.285945835583583,-0.136703325930216,0.358871491800143,-0.3060089648476,0.60945098288051,-0.318238055715278,-0.28783457567323,-0.301934390340944,-0.324145750647613,-0.305437968621305,-0.31496515084151,0.324685830897932,0.412799643858927,-0.297313376651531,-0.280978908667303,-0.276723861648407,-0.310004424254367,-0.0731202771681948,-0.158641554723986,-0.2439560758289,-0.190267607816279,-0.2136065591366,0.255148342419743,4.79338175083176,-0.0402838595428391,0.327827710409544,-0.324145750647613
"chr9:75766940-75769014",-0.57014104144874,-0.0643628320383082,-0.249202652196913,0.454485337240106,-0.588716845081592,-0.369181437419805,-0.572707235298116,2.03588677634902,-0.322032831876908,0.86595196685165,-0.463518522224024,-0.0385328470317343,-0.224930063371996,3.92046173783115,-0.482059983061259,-0.615822721948216,-0.0281915791965676,0.15937192324842,0.205935469160288,0.195305696199904,-0.0364117004853917,-0.518778068599459,-0.278497169193052,-0.350528923123538,-0.16396097341677,0.413585216501839,-0.535420347130947,0.874529522332703,-0.47359100629706,-0.290459378295158,-0.513880780269454,-0.645568253820158
"chr10:26825246-26830411",-0.147543982810703,-0.155679164943213,-0.0575605540651588,-0.190292705592913,0.41181001210477,-0.235405925612996,0.734831709289395,0.300847660285794,0.0144787383336179,-0.247018085008334,-0.171929163966075,0.374468623536193,0.269650713222578,4.81076808564126,0.190635535337468,-0.0215422788604594,-0.00174141370658815,-0.190428971266187,0.150968907820274,-0.131785583996681,-0.112585248167641,-0.235063759267542,-0.284068505966681,0.0190809757834415,-0.0846668373531012,0.727072455227147,-0.308383492125305,-0.167828903267283,0.853944435430028,-0.190014272653468,-0.22517859142511,-0.40198385104064
"chr11:1863010-1874100",4.74395484753949,0.473585250464149,-0.218125014855678,0.196317174094685,0.166377547438991,-0.284438051319499,0.112187187407591,0.109071952129425,-0.327765652241947,1.07720011245631,-0.325944644875629,-0.179120695657939,-0.217580371526999,-0.189416705460225,-0.339435151140939,0.16247953162631,-0.18778143114101,0.400597172033412,-0.214207183705308,-0.300418774424836,0.190350129292713,0.0801610513307438,-0.280096464545407,-0.211860907271226,-0.157851514419226,-0.200679664834944,-0.182790023211905,-0.270319281219979,-0.061001511111715,-0.24855902525737,-0.175181399994384,-0.326168328768488
"chr3:196366846-196381298",-0.172248553473173,-0.065141395574843,0.0207789702507163,-0.0950620909762356,-0.23260421633698,-0.106666451890343,0.578914421838432,-0.00188496909012755,-0.259131516785619,-0.112379979772239,-0.224322647453532,0.158535052581656,-0.118577501066885,4.97679364780293,0.065958569961348,-0.206187906117565,0.0982057990687213,-0.0629375328372873,-0.040814541855925,-0.147181430202968,0.00449945961766853,-0.130133978418933,-0.181228044939052,0.016511441992334,0.265072908236122,0.184181724635676,0.184962888216807,-0.140511336417608,0.459070583128886,0.00394759781924286,0.0758649918010761,-0.085071645084006
"chr4:106027351-106037886",0.132612874221035,0.273709526340537,0.244557667741918,0.65299225680176,0.0754053920271215,-0.358005004360221,-0.149099779073021,-1.98621011299098,-2.29924429413158,1.10230514621401,0.042348396717267,-0.0225242697261262,0.227125962071678,-0.265895268602388,-0.011637493624603,0.51827533263248,0.113313004470222,0.547499285686865,0.0626846016150088,-2.35794807206703,-0.0831446545513861,0.0134978273706893,-0.00270611663837959,0.507394645378279,0.339193960795409,-2.1448111210085,1.39485754817839,0.18263495134936,0.178086212962328,0.446519454058374,0.3572142425663,0.495300450828069
"chr2:197019705-197020710",-0.429471842033877,-0.130968208612275,0.028645619771131,-0.177285960159824,-0.15761075946268,-0.0455758383092408,0.652109782016525,1.12660875398403,-0.400323567961933,-0.065691627894732,-0.523263946225459,0.208903031330291,-0.384916499231197,4.39255083531521,-0.0520029477220786,-0.544461260123008,0.487818679266322,0.120752462075197,0.101095869383067,-0.32937609866387,0.207855186331871,-0.566014407172558,0.0246430240092639,-0.12518290805595,-0.214945779543563,0.929820374406324,-0.421019048991508,-0.220911020034609,0.157120399752176,-0.453346501721825,-0.158735877907836,-0.6897990450343
"chr2:68608136-68609574",-0.452801508272108,-0.205599655388295,-0.061783244988644,-0.17410930435526,-0.0911205592635603,0.193898481934901,1.17093356301356,0.363457085809378,0.0644165314617526,-0.0566370577922694,-0.30941499480018,0.331674815792592,-0.0819549741053416,4.61146205308729,-0.164020963325345,-0.293661269982582,0.275597329937598,0.195726495906909,0.441918190025753,-0.209250465784774,-0.0142190296976264,-0.375905372482828,-0.320071293189646,0.0526720522666223,-0.038153887258533,0.656364844255575,-0.0941199322056033,-0.17440008656481,-0.240137191408525,-0.260099940117706,-0.360487022648203,-0.476863265172667
"chr6:24836378-24839219",-0.144432823118848,-0.279460832037686,0.002984701079259,-0.300024157626879,-0.238358480386308,-0.209833184372656,1.24268198393727,-0.0647690415090807,-0.230933751221153,-0.270413610165109,-0.348599258938433,0.333191415588043,-0.0784854364844502,4.65023487673729,0.0310950200789465,-0.336953810881152,0.282530764178551,-0.0875551265082097,-0.00597314075843214,-0.321648639933668,0.104752454413282,0.0792504893797095,-0.0367406146490807,-0.0642723824705743,0.455355036464153,0.309109296673817,-0.0885514314634353,-0.00184510596503573,0.563980008104735,-0.310445370909892,-0.272091563029101,0.289632500394651
"chr19:16265773-16266352",-0.375706971246158,0.271391155435027,0.377667939046646,0.0718455958730322,0.420709305502148,0.674119930799706,1.45239655668901,0.39743724898984,-0.883688756362273,-0.426296304261751,-0.638724961564399,-0.390249231261582,-0.51080873070798,3.69186838296099,-0.931183223716887,-0.474451796802138,0.764761922395744,0.0427342276182686,-0.209411515838526,0.0979682098405926,0.762261223736776,-0.791822663679369,0.419018547722255,-0.72084636118786,-0.307410814381458,0.649158554451091,-0.158061802623139,-0.199674529755203,-0.130085178870729,0.0125980331033324,-0.698909632681406,-0.887431661562649
"chr19:14513774-14515082",-0.378722145047154,-0.0876962461847109,-0.334149611755108,-0.0465343737098382,0.362383887609671,0.913651717174828,0.205703008854877,0.71928100579776,-0.224528169336706,-0.341580039305698,-0.682646213272932,0.322882013590756,-0.156853620142453,4.29183203850612,-0.61555564362402,-0.438376507593164,0.480327943154726,-0.055708330010665,-0.0184770022769423,0.134844702768159,0.449504337041148,-0.63247416408709,-0.551373305866254,0.145932541103228,0.278673883162701,1.08747379658667,-0.208634193613713,0.00805215711569596,0.177970912959884,-0.237128575964867,-0.321532320426538,-0.123896652816398
"chr20:31099359-31108514",0.321676566882457,0.0476313490347666,0.389018263106476,-0.236691590231449,-0.2035731630497,-0.295404892622359,0.109117571635566,-0.25316306010139,-0.284677388105229,-0.282003680817662,-0.12866688747599,-0.28490489902641,-0.285742261742842,0.986937705631002,-0.246414332229465,-0.282596821773919,-0.153702332030398,-0.233128391519825,-0.0535699431192426,-0.0936386141896159,0.108093255782896,2.14423520811663,-0.148794539540457,-0.220755608619239,-0.0994214177711106,-0.186896416279866,0.420217887817953,-0.153496996356248,4.10827976329351,-0.11958230588263,0.475929544863909,-0.438483958259646
"chr8:130903001-130906633",-0.397040983045078,-0.168154904685738,0.306788561070912,-0.217302388343035,-0.0726564179087537,-0.0631587855466003,-0.144343366621477,1.58617212954561,-0.34257092785053,-0.145211612355566,-0.258189537118746,-0.0542416103169126,-0.166809592212222,4.16685902154929,-0.1589124668467,-0.37057080961644,0.02255253835465,-0.0954659316936866,-0.282690308995712,0.318889925439892,-0.0661373666043831,-0.34160166018904,-0.313678133366338,-0.363157553883685,-0.210275663646595,1.36582844822536,-0.246901879162438,-0.256670662473039,-0.410128623368015,-0.260074305314119,-0.368711897637914,-0.339148964441498
"chr2:113978154-113983074",-0.430366381298203,-0.367563513657855,-0.473420490521101,-0.0540475183439353,-0.212070499500646,-0.406059117665292,-0.510706427611793,-0.246508384082464,-0.534451180976569,-0.451052403621079,1.4513854454686,1.51786629691801,2.0077298902575,-0.477161345742536,-0.561884472575893,-0.50062768667921,-0.431119362831926,-0.455200169416245,-0.36402169426803,1.468619282692,-0.290031070582539,-0.55872654030908,-0.534629987573522,-0.465651058513158,-0.480081591178789,-0.364092895257242,-0.450079791081198,2.37052085193497,-0.546624009438513,1.46228430694204,0.530284147122239,-0.558193517074832
"chr2:33789917-33790617",-0.234941808732207,-0.258866321499856,0.161465387123833,-0.536290270761702,0.239287934776639,-0.369542480574979,1.64159069077748,-0.124846729752167,0.269449477724351,-0.468131156620713,0.335668790157067,1.16979010483812,0.00654731674918172,0.365965306754933,0.0450257424885584,0.178785869196844,0.0927577382587034,-0.356682276205629,-0.0132045764732975,-0.682713007694395,0.134265458573873,0.132873659718909,-0.663031787336142,0.0953138006103488,0.0539182816415453,0.0867113046676387,-0.442658598013434,0.313308358024225,-0.481352814193189,-0.480170264367347,-0.203484489601087,4.11721787709457
"chr9:93637231-93639753",-0.436445413799141,-0.164627634606735,-0.201347263886475,-0.101832331902155,-0.203095832527805,0.0880719741990963,0.54148898886822,1.79107736181902,-0.199642603526321,-0.208080037689485,-0.128495191453157,-0.0678150485367443,-0.256307987165401,3.83056602038414,-0.315828489003787,-0.44867939371202,0.0803394738436654,-0.0240402731353198,-0.187390799229891,1.00482234848772,-0.00336500312088488,-0.450221137734541,-0.373901873923269,-0.343933762701845,-0.290303115664781,1.68151918444166,-0.350975182924627,0.085805404541644,-0.0189566065409875,-0.186146605604326,-0.300932742281684,-0.472841682327999
"chr5:116156933-116161125",-0.0770879138864668,0.143108062954517,0.214503108444679,0.281793651735557,0.391341327216676,-0.0706008025736938,0.266433982646343,-2.06842019071161,-1.62270369640087,-0.100366573581194,-0.391860585641165,0.494524994411185,0.708406025117281,-0.316876178990763,0.430120059405054,0.242702771721793,0.283736015053798,-0.00892924504166043,0.367692583215581,-2.16793464249573,0.138920442396513,-0.0614847092453711,0.0945676989653463,0.376047016136583,0.739528926221637,-2.10977676524374,1.54731631977824,0.129062110591875,0.339139937951055,0.221692849317349,0.480857838052717,1.41335264077914
"chr10:73521883-73533015",-0.31538527821082,-0.106541029466148,-0.102630726021215,-0.115534520911825,-0.102781586027616,0.0278124963431623,-0.115956379900581,0.420393469729556,0.0818261319694901,-0.122280578257331,-0.501582531760696,0.472702623252241,-0.189034697934076,4.43998218363873,0.651653951325143,-0.489698796634153,0.155896503604779,-0.0623949204456714,0.731953609270586,-0.143560492515885,0.330728995631358,-0.382031709903126,-0.352803714274234,-0.0443978798932932,-0.214596205846982,0.56331327013334,-0.291524927092169,-0.078216200027715,0.0567176216370939,-0.544980088622764,-0.455971902592641,-0.611900616999021
"chr3:35684023-35685013",-0.301202004883569,-0.354766497646917,-0.268432052628787,-0.390442718217884,-0.348231567455665,-0.391996173070612,-0.389447526878597,-0.391396478488657,1.58145104056447,-0.200809218639251,-0.27788277552173,0.0058952437101571,0.312244389733201,0.0565979223335698,3.01974202541337,-0.0178014152978181,-0.374430090575551,-0.375612834331313,-0.324714630404386,-0.377165591197887,-0.359349078771917,0.00373831599853869,-0.245163699884453,-0.118442634744345,-0.29456104948997,-0.383619266268573,-0.304388160276177,-0.358013779030154,2.98687603204465,-0.346528826373034,0.389346359470057,-0.342840647802888
"chr5:156339423-156346193",-0.380998928421353,-0.221980409378677,-0.231171552548635,-0.397623831589996,0.0719622518532301,-0.182298221598205,1.15399855675283,-0.372965774396694,-0.362895656600281,-0.375900093462405,3.4410254932005,1.85172740111025,2.11423778099331,-0.190234699325632,-0.349588265960985,-0.17303137665798,-0.0608640245816744,-0.300104170988056,-0.0519429170841245,-0.371254215221567,-0.0101068433382284,-0.348608816595813,-0.0750510341124953,0.120341021792417,-0.0540387139637479,-0.294579355262958,-0.305068123171393,-0.000903450310502326,0.626675255008227,-0.341494297625547,-0.359346470094602,-0.467854425220385
"chr17:79355840-79358646",-0.229461734208443,-0.324493310525116,-0.152864668938905,-0.451448847693355,0.0950104030581337,-0.379381968095984,-0.682343900324213,-0.550248957251048,0.612409915710296,-0.551302244669603,0.1609697773125,-0.349298519345336,-0.635857881405203,-0.494685786950054,1.59269128224674,0.0117933850508762,-0.133469850113601,-0.406090670931268,-0.154627092923161,-0.784446492540744,-0.219991892542424,0.225242166013008,0.636419098137239,-0.0341415487702169,2.41814338879409,-0.621780465550505,-0.434705638865716,-0.0214275300735497,-0.692739259048679,-0.366989758717894,0.161967112420983,3.0704208618583
"chr11:45940463-45943072",-0.432483590800104,0.0457551989588863,-0.0441004027070672,-0.0772714218172808,0.0792067140420655,0.280655075851966,0.598674229405271,-0.0557758453192701,-0.444518701149158,-0.081687547634585,-0.149853198773646,-0.081520955116494,0.0524544438835057,-0.131257448903372,-0.443937684810669,-0.369585817375426,-0.00549620072188274,0.214585835412047,-0.373137752191971,-0.0343550861160072,-0.0727873316399785,-0.375337511306342,0.282238644035186,-0.298173321329326,-0.258916439330748,-0.141482495563581,0.0228725885802198,-0.0445038165804412,4.57702042222607,0.502856714490117,0.142432292197315,-0.508595271450783
"chr8:56815514-56821420",-0.159307986547101,-0.0833524412506221,-0.0601082708266374,-0.122565530451736,-0.148351011318019,-0.179740510903863,-0.0430453534740635,1.14083710889074,-0.488299614654326,-0.203963329955323,-0.0653587089454924,-0.0159860709590622,-0.157753750733697,4.46748502110306,-0.0361614493400057,-0.0566861342511991,0.00995087877837304,-0.105115278984305,0.02466578954827,0.0138088483516629,-0.10462680139819,-0.0270098646397175,-0.117765031292054,-0.0286521627051354,-0.124733422520073,1.19103524864861,-0.293355060849574,-0.0591648408066478,-0.195804251723064,-0.104214593238718,-0.163709263368365,-0.326965999261148
"chr12:66629502-66638166",-0.372592407636876,-0.329247907918987,0.0475573330156195,-0.121927237179061,-0.240458555851179,-0.0993270798838188,-0.11844621188572,0.645611394971988,-0.153018523162928,-0.224624407120867,-0.404415423685715,0.431226156969086,-0.258815508031993,4.3036957208022,0.150507848114519,-0.479930507344223,0.729760737320307,0.184182029551837,0.429041420337414,-0.357135447317292,0.842149112791821,-0.202473283961655,-0.28086684855575,-0.119360187328981,-0.208586071295071,0.509193138364109,-0.34415741261143,-0.223414190158622,-0.378765101391173,-0.510999983071344,-0.343385662636512,-0.654490162032977
"chr7:117227987-117230307",-0.302066924852208,-0.2800881408857,-0.301038685824535,-0.187422042312027,1.3761417541992,2.4263059956987,-0.309742502496487,0.285904332381512,-0.33536565970664,-0.298363518450332,3.35676392784987,-0.128927250551748,-0.245859331672167,-0.338102208342491,-0.314183728144756,-0.211817200036487,0.0806333780944105,-0.165516074761169,-0.273716748520912,0.0552016186194209,1.4816981045688,-0.329633986397875,-0.113762251173026,-0.334120674684474,-0.316778128510765,0.535120611814932,-0.173108094144088,-0.296588322190563,-0.326399318359337,0.169412980688305,-0.232088437554638,-0.338102208342491
"chr3:196381964-196386523",-0.363765994305716,-0.271373668866874,-0.0359481565186435,-0.307875130121986,-0.29567272554161,-0.295721012393858,0.966261589176182,-0.149287599640821,-0.0318713742298469,-0.300353660202402,-0.28926020624156,0.269461851288941,-0.173547071223312,4.43395526590135,0.350795686214723,-0.271243610199636,0.17701769188215,-0.00778989245362965,0.182576266946953,-0.184334512042035,-0.0615689352799102,-0.232872963503639,-0.388516330896914,0.140563655481258,0.881887443774602,0.0368809349489909,0.55818977840062,-0.127880918716956,0.759303128134234,-0.226088992287463,0.0155587129853245,0.421327097466256
"chr1:206281070-206284808",-0.885021138085142,0.086167153354954,-0.374559992129099,0.106983300471615,0.444739229708834,-0.548577023414867,1.29179837371589,-0.460834585992038,-0.869141833879616,-0.33752666857222,-0.783104918995489,1.46827813717544,1.94050010869791,1.34046941687695,-0.853059060686235,-0.216306891525751,0.113891285944887,-0.285833256037984,-0.286786689242518,1.79174374928849,0.297463996648873,-0.858358492341843,-0.631614772437363,-0.650987867433302,-0.393609161518238,-0.287292746193027,-0.415811652354307,1.06259590342901,-0.082575838611577,1.50023303220898,0.290886895461937,-0.893209856728901
"chr2:105477029-105481765",-0.442366495332406,-0.417714185272651,-0.421999040130416,-0.40532636079661,-0.259625182425906,-0.438493038197433,-0.344728026735861,-0.423098696860332,1.90108154750272,-0.422844753385041,1.93286394833027,1.43757690293017,1.82663848531444,-0.45345349644297,2.46759531594852,-0.448995921633263,-0.445641305340235,-0.424076536782154,-0.366185726554264,-0.404716513392104,-0.443336527979757,0.400433465235729,-0.43795872258172,-0.356214364551026,0.0887571086021126,-0.398275850332689,-0.38548410650987,-0.447888165151882,-0.358505878443811,-0.155112002389211,0.277066723716445,-0.394521453127743
"chr1:156378922-156381523",-0.341444764501149,-0.25488049210691,-0.256561198999308,-0.231665873035596,-0.279548113667273,-0.313882662438165,0.0155470680632776,-0.196407594510058,2.89832925327157,-0.287590201922343,-0.312476315490034,-0.319661342538582,-0.333194451884216,-0.360007266020948,3.48070895331854,-0.274722885361957,-0.0473246061245048,-0.14045264380507,-0.305368761580278,-0.353388979744668,-0.310173090437971,-0.355790323745897,-0.335466210189075,-0.204216339604581,-0.217968712379455,-0.239586608407222,-0.0987194417181312,-0.365761842431911,-0.343519824786586,-0.31762137272558,-0.305175740170644,-0.286773558945084
"chrX:128914230-128921851",-0.345756982413644,-0.18392683083469,-0.0409212409500616,-0.230944175282541,-0.109285877206761,-0.000221259781788062,1.68058494107751,0.376251791807235,-0.0195804110778483,-0.156234183431031,-0.227020798849732,0.290181477361316,-0.15153609504715,4.21302300358407,-0.145489511242853,-0.283976672987885,0.339538416374684,0.0263794976635524,0.0208110103646088,-0.0509671843474852,0.163707435906078,-0.326817822409167,-0.235832321430631,-0.215039334229914,0.068261339144859,0.630555114614028,-0.129745732510479,-0.235702285820035,0.969255879507596,-0.251990198861607,-0.293970335348362,-0.366315881252578
"chr9:132686405-132687139",-0.697326309467894,-0.321188951102691,0.198838526210631,-0.405481164539144,-0.250327339198017,-0.166937508281869,0.273663218753145,0.871002068761794,-0.38419852656958,-0.533402312625583,0.376783416255392,0.102127696732703,-0.208603872586471,4.08010832293459,0.139947094796122,-0.461777138724468,-0.140221440465411,-0.1977157832246,-0.161314147629154,0.899081634889024,-0.128722763368208,-0.128778803775976,0.232912353311834,-0.263179425958917,-0.482213235057366,0.908002952930493,-0.560290266997694,0.495168056967348,-0.217698782075737,-0.295023971589306,-0.631905533490372,-0.407646772039009
"chr16:67465516-67466437",-0.196188531736066,-0.123484443455578,0.153617837070933,0.25309246295335,0.626904015056182,1.73604644334563,-0.780933880807861,0.524938363262028,-0.648475719299624,-0.335965706188327,3.38475666855198,0.633855928202053,-0.223874026636217,-0.714477579170005,-0.685080193272906,-0.458185612028108,-0.202400014700553,0.0242395774090101,-0.593433360637407,0.279068455587177,0.956305161077505,-0.406943020581876,0.112183914079377,-0.570999907044156,-0.78367177054397,0.480749682517207,-0.439061855962571,-0.396707571771976,-0.818530632820044,0.235545822979759,-0.164782177922668,-0.766591100104537
"chr10:119305427-119307476",-0.378362406747846,0.111554652949593,-0.375757432685278,-0.0559749129993033,-0.440804168842366,-0.414557593159654,-0.426245058213626,-0.412016371411251,0.0574863535665687,-0.403816950799352,1.50845688607493,1.41765406785497,2.06623614740563,-0.419031631505915,0.117129864960521,-0.438956718437292,-0.420463596174481,-0.399574235560818,-0.332426347786385,1.95343459704395,-0.415348575404577,-0.398998833328446,-0.41444505436129,0.214563157361246,-0.388222247265246,-0.400022843848847,-0.294486087605559,-0.414424852950899,-0.373354554282437,2.20013969589035,1.41831879407582,-0.431400721253925
"chr12:57874717-57877578",-0.247782596089411,-0.325827703475874,0.00510802158680272,-0.282762375433379,-0.131541248090725,-0.112513550394214,0.619249979409031,0.0159677217015741,0.0581551330798867,-0.287272996207091,-0.242817233435031,0.225504078806581,-0.112580795162541,4.5543506449994,0.341148293743184,-0.281792927510232,0.326785831166374,0.0994428273568976,0.0978555058266484,-0.195435762979594,0.0569300318044726,-0.347832516611909,-0.150762254649127,0.0515834298501449,0.140904875550635,0.354262204282153,-0.182600846508873,-0.0780164334528621,0.41890845732753,-0.360790325644336,-0.193787411020407,-0.348403192317953
"chr1:206299902-206305969",-0.34049664821285,-0.022829620189798,-0.124835445904553,0.00100255412033205,-0.123786470421022,-0.314351853258178,2.39921671664787,0.0646844453927132,-0.465318037109646,-0.108365751298513,-0.357868759958388,0.0776544758901751,0.2470227908382,3.77020531389442,-0.325377501100048,-0.228101012778987,0.26593173967301,-0.145780157998491,-0.0028485373768185,-0.243018259852191,0.0666088003368724,-0.333793852988686,-0.310944977817288,-0.271373697552284,-0.0145780090485912,0.309119191904036,-0.0742910799222656,1.03598913353249,0.535144767572747,-0.0834630391637101,-0.19793479815838,-0.437151510758428
"chr10:102488049-102495260",-0.090182987265301,-0.329523972371317,-0.343529696592433,-0.117159766496082,0.740358496828238,-0.219590395715604,-0.272022372394394,-0.221915132099793,-0.306287269789558,-0.317962441290023,2.01107548205598,2.23210112843682,3.15466306019718,-0.356737442900454,-0.298361055352829,-0.26621596022792,-0.318420019327227,-0.306864655197334,-0.254773319469068,0.0170481848788535,-0.241521730639922,-0.250194424498901,-0.325091919361113,-0.223759775975802,-0.338307486372352,-0.173042870575473,-0.115476492342161,-0.306023745489603,-0.330824485763327,0.680015654310391,0.772486325412468,-0.342913042854662
"chr19:14499730-14501636",-0.389104709034548,-0.0351685135711805,-0.353055929938291,0.00491902169746254,-0.0148273558781394,0.597069009677333,0.353877503567413,1.20564864341328,-0.408095489766664,-0.219819347725557,-0.437361427013977,0.258779980830076,-0.159977368286083,4.03526632292839,-0.459253447116726,-0.382098565818854,0.28309626171048,-0.0809855705670527,0.181804880878688,0.0837025856246229,0.378155087068187,-0.387492933022838,-0.403939668651755,0.0472076454640867,-0.0438128747642689,1.42017761854126,-0.275408952405864,-0.0631169327802697,0.106735568732851,-0.290997047127685,-0.384878542085218,-0.321958131271693
"chr12:11803194-11869421",-0.273315405737622,0.122261894577508,0.179874870574346,-0.0771993735693537,-0.341539686262491,-0.231826939090593,-0.0532483178392867,1.43047767230037,-0.165840423034943,-0.26525632581311,-0.528267461752966,0.0684676599177302,-0.160530414660159,3.9749068548078,-0.300548674497645,-0.403338814830851,0.0292566996902439,-0.201608720413262,-0.185898384870845,0.692191106023789,-0.043947385318799,-0.451665429422999,-0.253476753399457,-0.257632553463526,-0.157073127225094,1.2903182166428,-0.465741463905456,-0.20430021966643,-0.0656522190762262,-0.103416603065839,-0.181475753347178,-0.567984123107453
"chr17:79083287-79083977",-0.52237442861549,0.0613451553167754,-0.380635728051437,0.324197259557208,-0.217935938276597,-0.757826275685545,-1.52119745245817,0.0683335794387704,0.526437598022304,0.636997132880751,-1.36524230287529,-0.771302347810806,-0.189386017895852,-2.64923855525138,0.824794688290808,0.225889658396123,-0.144654287455632,-0.293373253102211,0.613377016011318,-0.464403377816352,0.0747610739810263,1.6460331907619,0.937368973081041,-0.0563166600542888,0.803588436572493,-0.668472684661704,-1.02464110725131,-0.216143125122421,0.403826789874767,-0.109166390643432,0.493547118282317,0.910850777597818
"chr12:125263232-125267129",3.35357299398608,-0.465818712926376,0.100940274641743,-0.533436112100471,0.155160465117328,0.251962325218689,0.211346750035569,-0.357594173244351,0.72790285928413,-0.981078741606075,-0.758208364165578,1.03166365435875,-0.118045362704342,0.500398751693848,0.881091714197539,0.69957172661542,-0.36340400295006,-0.390629806167005,0.400559648073194,-0.582895267360907,-0.045274575048516,1.2686783670308,-0.133474083361156,-0.0502475964325795,0.54150027065857,-0.481670358739382,-0.428983129869134,-0.583246500535081,-0.451565096418504,-0.481715761715365,-0.0453208644988361,1.34641572366797
"chr6:107195263-107197409",-0.430135540440733,-0.317934496363332,-0.320142109900186,-0.345374449644551,1.7829762170682,-0.314779050266663,-0.089129140170871,-0.156249313444679,-0.408530304155958,-0.407656485207299,0.126743129797824,2.51737852236836,2.44936069002744,-0.43380567173365,-0.411189760395759,1.15436894791672,-0.267528565946147,-0.398874724201317,-0.429171020837737,-0.354886049379473,1.3158226868173,-0.306146064334556,-0.423445611870859,-0.412200587194722,-0.412543639465821,0.10739850244084,-0.352268079717999,-0.301522439625277,-0.412411978725721,-0.238063157198319,-0.337386643397735,-0.436103846462385
"chr10:128110548-128113466",-0.446612882716941,-0.195151653080818,0.086104152355023,-0.337131858872075,-0.0918528279317386,-0.354840343184914,-0.249230996306045,-0.293494565615426,0.783724300625019,-0.226685615657076,-0.372645349706763,-0.342367200825019,-0.354968825410218,-0.520462447881316,1.04823428958669,-0.107902518143044,-0.201321527951007,-0.187339256952064,-0.112623515159409,-0.401445770390866,-0.208179761651863,-0.35166000628543,-0.460937481457397,0.421094141116869,2.26068495326638,-0.361548071187851,-0.430657793807159,-0.313633262947972,-0.020351035571223,-0.376145978276265,0.0609200839403699,3.50246993301511
"chr2:68615723-68620194",-0.493132737852283,-0.320978545760914,0.104111254948794,-0.25837799061625,-0.384327359826426,0.130972490685136,1.22684865886988,0.0550456888911833,-0.0122097732897539,-0.137249815893603,-0.315711681788969,0.46153562023476,-0.166240346762472,4.23961791704543,-0.0286844421724125,-0.277758814073693,0.392949682434855,0.215382000677858,0.282890908883116,-0.183801827501109,0.0596107158965951,-0.357632112745907,-0.364065980890734,0.0398887190937467,0.046509191909504,0.363102741687183,-0.0222119020233294,-0.204521092561332,-0.128550716877336,-0.410688229863107,-0.521186134589331,-0.481466573465962
"chr2:231914534-231916655",-0.447859981985548,-0.591251095279748,-0.0700296685910495,-0.531015973139628,1.71123939974844,0.303006374638164,-0.688489664896143,-0.212385491287964,1.80119347213929,-0.66377567165421,-0.310941997483133,-0.0998614845482589,-0.565325065542348,-0.700988514908724,2.13626129546766,2.03239253763546,-0.466602676404228,-0.582510548158358,-0.613253305146567,-0.617018505098584,0.430177360829853,0.0771151275215588,0.725254242552153,-0.586635121681226,-0.439670105950557,0.25847073178183,-0.287032232312495,-0.699978941759839,-0.67732853959144,-0.518107151272881,-0.388176199820541,-0.18637129607343
"chr17:36059300-36060888",-0.536668820263034,0.13745539243875,-0.527832245583085,-0.388165672903466,2.48569201421547,0.520881099483562,-0.397464818339081,0.211657553744056,-0.530968041612495,-0.519976324503262,0.530475785716182,1.5090187491646,2.56586797098173,-0.536668820263035,-0.522007083355808,0.118515468275258,0.497258423320328,-0.41927533726446,-0.524924157373942,-0.37268109300452,1.07508683774398,-0.521364984063357,-0.131590015595335,-0.51757097256878,-0.527012121609182,0.665454906541389,-0.195389459430197,-0.493355313471045,-0.512698516052273,0.149614580106173,-0.078787743765988,-0.536668820263034
"chr12:121623976-121625259",0.320824945593414,-0.798301999701752,0.117358491807146,-0.550516189026653,-0.13740422140439,-0.813394137282175,0.259732217649783,-0.724703547764549,1.23171199598976,-0.379626252085751,-0.688157020616135,0.618850211308943,-0.036510026885256,-0.139385390889496,1.73618875314535,0.212414639674061,0.0183981120509623,-0.357723886004158,0.646279005880826,-0.301735771980339,-0.168978224055663,-0.203497024743241,-0.579948104635378,0.365293554910825,1.73763155316962,-0.542348890725447,-0.51905064667626,-0.431386738191979,-0.600207068657833,-0.94009496706072,-0.711832111573734,2.65607329811087
"chr11:63886782-63894226",-0.0174993620566609,-0.397412952806182,-0.343724533115384,-0.398295001179906,-0.369718442618973,-0.239697656028524,-0.545207912868474,-0.245311515842041,1.07933380722016,-0.487826042653964,0.0615376356349541,-0.447989529965178,-0.443606676065345,-0.0325713645461735,2.51035570726171,-0.459046160691775,-0.38320644840032,-0.357266701759524,-0.420683257255695,-0.293834668685034,-0.0616175893378679,3.11427988080127,-0.151215209150969,0.0261836658769,0.208640318009854,-0.202841340299704,-0.207548610685878,0.150697392706925,-0.131589394927578,-0.0743712045378272,0.633892895531028,1.29299935406623
"chr6:107188062-107192716",-0.439896184158772,-0.309810546646634,-0.320376160734392,-0.338466744438497,1.74539793514902,-0.343286008437759,-0.124135322504919,-0.243450316784316,-0.44925138790888,-0.360076817409613,-0.0649508350342696,2.51125060381606,2.6761991983081,-0.378253922156944,-0.398662960014828,1.01302426997209,-0.21264472038182,-0.340334607989748,-0.373932883798156,-0.42363555941839,1.02759714402105,-0.272097284695781,-0.432142462498683,-0.348794865539553,-0.306176129793644,-0.029355896613258,-0.362154782581672,-0.298613819768137,-0.318820830944271,-0.260151782473623,-0.344955867273331,-0.400503417947539
"chr19:49360853-49362017",-0.2186059628773,0.271497946632424,0.187177938477338,0.695830291588042,-0.0285654833359521,-0.431003579301291,0.160106878468049,-1.07802636563471,-2.4099305624884,1.19677401188684,-0.116409123273734,-0.101762108317834,0.18777418155658,0.036158238114476,-0.248911174543405,0.627555180227713,0.00466363708601592,0.483677713559583,0.0698142778089816,-2.01790802000944,-0.130214211264836,0.185407922723577,-0.0663699769636086,0.140761583975292,0.121217735114608,-1.78748026718694,1.91303484185516,0.110999027092306,0.407892386194594,0.550023257581886,0.143721472443197,0.18375358511469
"chr10:11363449-11367699",-0.526783839370155,-0.486624821110215,-0.0782851019684507,-0.445679288593002,-0.175218060846035,0.363319588248363,-0.0694110712236455,-0.13937809911982,0.0648821838216234,-0.399529691943894,0.0667264718639917,0.377729715572501,-0.150984066964128,4.1099826253479,1.03256908246774,-0.520926144085098,0.555155570115987,-0.0206569358270754,0.212948294851693,-0.509688087225923,0.210294151996645,-0.497152494989109,-0.317350847052007,0.0515373639392007,0.598102953198319,0.118099320577232,-0.24113048732273,-0.143564162809692,0.169829225718129,-0.529036085989727,-0.350918944351056,-0.517890174759556
"chr16:27462215-27463964",-0.765819251400781,-0.140304060649247,0.299577653151717,0.183855931139917,-0.201133936380214,-0.166294780343041,3.48502215570737,-0.58126870665343,-0.0442547159211852,0.234434118916231,-0.74498489992958,0.446227952946196,-0.610560878475196,-0.957297571360368,-0.346283628686293,-0.508506706355078,0.526030149385351,0.152770002691705,0.85362304257413,-0.6785744431813,0.153489909976691,-0.459380206691236,-0.604062423163063,0.209672451333529,0.486898297898302,-0.36642083455197,0.295152670780724,0.0383070722624862,1.43798702432371,-0.205519349059769,-0.521502526893298,-0.88325224785414
"chr5:59843584-59848432",-0.130922075055182,-0.172120205097337,-0.11652185627792,-0.23274954012825,-0.309665627127711,-0.23612951200441,-0.199840788729707,-0.238177275201924,0.732712749536051,-0.261997114441656,4.19047816505681,-0.0567543089995902,-0.234793438251977,-0.294749596640286,1.29688663384096,0.10072642301785,-0.255339188761703,-0.207077583273364,-0.315119153460659,-0.0808452827045994,-0.139793786676893,-0.174413484573132,0.00686202279294456,0.676713471883163,-0.126076940822716,-0.198536063508284,-0.294779558168014,-0.230499954649863,0.528733908525818,-0.0480385496287049,-0.0934883774002072,-0.29518987693604
"chr7:158566187-158580595",-0.117750299708654,-0.158349703408603,0.0147374934304096,-0.174907913200587,-0.12969118387302,-0.146285621369409,-0.409499009594573,1.20804506828245,-0.368771423166436,-0.305722404894217,-0.18481434929997,0.314811497673275,-0.0374251512979563,4.15948794281112,0.160118046896821,-0.40864734114741,0.0741238495487395,-0.161233287164098,-0.0350624104259302,0.145887798288706,0.122537901668052,-0.122950421846537,-0.22895340765519,-0.0143682216869205,-0.0725017819552266,1.06478033202658,-0.404449638492951,-0.159521316586307,-0.301897704736263,-0.296623173313853,-0.299601697900809,-0.392115314103848
"chr6:25016163-25023375",-0.300444933142773,-0.121457016727301,-0.0704323807371998,-0.090677132205455,0.0631731527206789,-0.257889278327689,1.76419539252451,0.0549285311734966,-0.429584887376646,-0.140581715340407,-0.353354722705466,0.715788859335578,0.322807376615668,3.95017076656695,-0.250834994868598,-0.251732816939157,0.178155188659872,-0.0546451879445091,0.682573384331354,-0.407768698266183,0.0828924518049243,0.827948143091226,-0.232063739417379,-0.126156512733919,-0.0450047755182991,0.24528860780154,-0.0928737456899632,-0.1125492940666,0.665496211580666,-0.193656936568258,-0.134884623449405,-0.427626324908751
"chr1:206261193-206267189",-0.442575903756115,-0.0595119482938475,-0.350737065323147,0.219127108141187,0.42699542999263,-0.436003593594513,0.728921042954832,-0.275743333631578,-0.461481881871204,-0.235855863672873,-0.437868195047292,1.51626306526804,2.2266142354956,1.07179593412702,-0.4339381932056,-0.249159307753721,-0.356716057629239,-0.392993938336023,-0.41172293153571,2.30350659760397,-0.101228342533706,-0.449117673040727,-0.427235842540757,-0.418372480214391,-0.425037559234883,-0.34453189327061,-0.155975049085341,-0.152623677123453,-0.413393247717988,1.96573586199603,0.349984362396829,-0.449451570086271
"chr2:113969296-113973474",-0.419298828314597,-0.401699876370148,-0.466390552747436,-0.173556268752529,-0.0112126719917722,-0.34809978823702,-0.624308314669299,-0.234386289860605,-0.505475627109818,-0.387132566046131,1.4089246173865,1.28083285620813,2.26307510039779,-0.566068469595557,-0.466369689062649,-0.52847727302727,-0.424517241547159,-0.385208425887558,-0.175591990915311,1.37819876447577,-0.200508522518687,-0.489331416047841,-0.511858441484276,-0.391221993369525,-0.451107606559598,-0.306009009076875,-0.537572541033366,2.32333018955644,-0.485248036513882,0.876475722108705,0.0596578572736802,-0.382165805438672
"chr3:170712922-170714037",-0.269817469363229,-0.310659913236787,-0.346444806659968,-0.317869992352826,0.911671474103148,-0.313589914111676,-0.331577266740762,-0.231344784540636,-0.339103853812985,-0.345201280003492,-0.315555848829024,1.62353871950908,1.17297429982739,-0.35472357235458,-0.340945764505557,3.67188747556006,-0.301489683979816,-0.321275192240152,-0.317982056104742,-0.345902885183707,0.420899491130597,-0.344053208107349,-0.347393029586152,-0.297368922015601,-0.337689677338675,-0.22437854200377,-0.0770934016841429,-0.34656374098099,-0.348022937826402,-0.32691798557736,-0.278039472760208,-0.35472357235458
"chr1:201368836-201373525",-1.33171985758574,0.231389498778825,-0.141139026223,0.261997219411205,1.42897550511191,0.938298093291136,-1.16503594294575,0.646098296669334,-1.34564241582739,0.510654404662983,-0.801753738333895,-0.683293061816758,-0.204034130713671,-1.34272440236435,-1.34214848090239,0.687624908958067,0.486537223090436,0.558786037191156,-0.701449951954928,0.0956621892397433,0.911500482787955,-1.33133103500542,0.385657052798603,-1.2390645348392,-0.68676293674106,0.60908809994029,-0.50570990819799,0.599217514512133,-0.198501100325618,0.326229067486423,-0.178492976825742,-1.13308587216438
"chr1:44925278-45011065",-0.110150769991139,-0.0316565861419811,-0.0319479035904275,0.0189127040051395,0.0760428232520939,-0.0497964548216508,0.109268430787703,-0.119442855188419,-0.0762639931859422,-0.104146891479241,-0.111297854611639,0.111807887706984,-0.0541619852963759,4.57946488700882,0.355372279496578,-0.0875758524499317,0.0639638247803001,-0.0282045576683867,-0.00925835655733223,-0.506608204335368,0.0071849595917768,-0.0610750794519926,-0.0243184158549743,0.159561956585653,0.0273789192355965,-0.143679906725619,-0.172941613014311,0.0493415298705675,0.0334417355064156,0.0610789819865689,0.128483133093885,-0.221063863438546
"chr3:152133000-152150406",-0.359051531159111,-0.20086751379073,-0.0381456865383226,-0.0782624491555316,0.341998639387575,-0.240283789443166,0.148606271137383,1.27931452596944,-0.569157493418894,-0.0845588568362528,-0.290481455482604,0.107478188498905,-0.167615740909632,3.89830553850023,-0.382390438041995,-0.269105102541145,0.446713537817133,-0.0361637152356533,0.152396843527352,0.523025605763025,0.0309172275535741,-0.545752601807677,-0.35934672454913,0.0714352231956635,-0.0440715705594352,1.26667476666043,-0.495080207624486,-0.185925919208147,0.0978485270389869,-0.375563343712502,-0.36992579591049,-0.555265649076378
"chr1:167611343-167632628",-0.358736203025226,-0.151541152798426,0.0152134839048746,-0.170099464727994,-0.0474762931993395,-0.316023230115679,1.75512186808812,-0.086582125156929,0.411155365095779,-0.28385022101726,-0.337800736741426,0.34704240710921,-0.143273310371188,3.85043221682477,0.48431113681229,-0.217197360067987,0.0582659870045646,-0.0960611484061444,0.248478081666211,-0.41329037983706,0.130849983415134,-0.133975288150566,-0.358340008806794,0.197148835788373,0.0353434580969366,0.284999552246121,0.0469745633944433,-0.136467466528784,1.40583293476435,-0.327369873957928,-0.124445998420793,-0.454041743083699
"chr19:6496574-6500527",3.44035598236453,-0.298913202437769,-0.323858959445427,-0.31150771658562,-0.257702825952529,-0.366908232684315,0.00493775049794569,-0.252892800039152,0.816191197784763,-0.2821438758395,-0.302779871375011,-0.0081704139281171,0.471486503801456,-0.220924977597393,1.38244398171874,-0.248316541218411,-0.253645922026045,-0.242473078771237,-0.13104311440809,-0.185013242632626,-0.301730234415628,-0.20811618292679,-0.29212290088967,-0.274930209371427,1.11177650747297,-0.118609419421973,1.01821857875562,-0.339480913429924,-0.327602420411567,-0.118613497935605,-0.0881232823323008,1.75815359938081
"chr21:36231975-36252754",-0.00506319050295426,0.100013272431691,0.580092091760185,-0.143675520005172,-0.123352640587783,-0.00975639995578599,-0.275345152208939,0.824377211857322,-0.517838170595975,-0.201042747626484,-0.326763521818679,-0.0718045686702258,-0.463512372443632,4.08716950304647,-0.55365386372164,-0.0489709523157919,0.30329777886054,0.0657868940049193,0.203849997642911,-0.128569881054557,0.355545773761068,-0.513817957814765,-0.285224576165649,-0.100387012119135,-0.309118296916495,0.700172890967528,-0.521929030284566,-0.26030000913022,-0.13738675163559,-0.347581041236451,-0.195311383178847,-0.696837179860114
"chr12:53291502-53292145",-1.13406134497904,0.767458651249515,0.389197611946818,0.187330052099874,0.870848420098333,1.15478509196871,-1.29206611374811,0.199890049841917,-1.35018662837986,-0.810912465449545,-0.210970022569068,-0.0232636769685664,0.0578442521173231,-1.31232761601285,-1.33902859232022,-0.16032392851349,0.582209639796611,0.104226085687154,0.684587964103849,0.511187567164909,0.871121175431112,-1.33324343881788,0.510182010126808,-1.23797417296648,-1.27116790268164,0.558529332007663,-0.320899038331911,0.391185214103685,-0.341895292103765,0.521158030608903,0.0908520463161686,-1.34578075675577
"chr17:73560904-73563901",-0.574290050126224,0.263753163827995,0.473758033754521,0.429334048644209,1.22832554823352,1.27912672200709,-1.13524619392491,0.693287423183426,-1.43237135276625,-0.549137496146514,0.226298418969774,-0.0119654016710819,0.638464358209595,-0.715734913812813,-1.28918865645506,0.110438887098141,0.666529936275528,-0.0846237817839026,-0.169132962861407,0.142945776810485,1.06652562871444,-1.37437395836207,0.124017375331172,-1.35862554595377,-1.21041796279506,0.80779634347006,-0.323598652838309,0.0222684421079921,-0.92941629622796,0.294065886187535,-0.381107261969025,-1.4154283210994
"chr10:11356333-11358697",-0.337575297671928,-0.434359074406131,-0.0811443562829212,-0.438409649315753,-0.317851552599676,0.164183305632793,-0.0933157542463905,-0.0228204996419152,-0.0478056591100243,-0.375201995927685,0.000187987874954737,0.175776803251587,-0.21231477229036,4.12163092441871,1.00609328294221,-0.23086832549318,0.252124668161898,0.0575589014055845,0.0695315140999593,-0.367292933520675,-0.0590744856250816,-0.460737214812744,-0.314684627665593,-0.0456841328066983,0.925932029319437,0.251076230395696,-0.178597318231958,-0.234233204538841,0.366286092938069,-0.409938254948487,-0.162982933977072,-0.41586473858755
"chr7:80276631-80285756",0.492646662838198,0.0143883005763028,0.454570578649393,-0.197508909877537,-0.293474322987359,-0.259269212949113,-0.240790636129182,0.123667613810444,-0.300944455231125,-0.172494543052571,-0.193890958984394,0.863627099959651,-0.309751177820328,4.26447555570693,-0.337448879859123,0.1211632050555,0.0129133344299078,-0.099899881675156,-0.095366960730213,-0.298045580798088,-0.043192201402252,-0.247167882860993,-0.330722590507692,0.161685148431898,-0.0641336608948265,0.103534540486427,-0.26037684574578,-0.120803340604953,-0.230429356662589,-0.35192260576549,-0.285159213545277,-0.34717869844524
"chr1:206240295-206241433",-0.539586309009648,-0.00990890651291593,-0.22382925437664,0.426123051413188,0.473698159065411,-0.495518736323404,0.345340577189042,-0.25835108929193,-0.603606713303072,-0.048361426930565,-0.5568249141291,1.46538156059691,2.37301963735691,1.47479182063731,-0.6043483902369,-0.34997864739838,-0.217638138099716,-0.341073436423908,-0.523997744645793,1.98022325103357,0.188620138563385,-0.573427439761958,-0.414631296891914,-0.366210413108894,-0.559999927470756,-0.336645545639407,-0.183238745425293,-0.226589286573111,-0.461424621289166,1.54141107498952,0.112393982458839,-0.622244174232073
"chr4:84029203-84030781",-0.28517003275004,-0.170296797922357,-0.323287946172329,0.119576208197371,-0.159313282853835,0.647332021539823,-0.056610734267761,1.46747960913923,-0.221067088642237,-0.139687080714459,-0.43105974301971,-0.174669387334667,-0.336800584573053,3.3868233144614,-0.314080116545543,-0.37667078672556,0.382743135072598,0.124809205371185,-0.148993900829858,-0.313518712362894,1.07521783425368,-0.431152200114444,-0.360023023855146,-0.324461556054027,-0.188344811045204,1.8412098646878,-0.273054868674245,-0.286013722928407,0.21598575401294,-0.33377526858962,-0.416054440014703,-0.458399790561723
"chr8:56860382-56862918",-0.459559147643983,-0.0557241917188729,-0.242983420989388,0.00533688148543425,-0.125412214543846,0.0924261643917979,0.178971435292139,0.902290789990322,-0.212756678107748,-0.139074776164064,-0.412173778432068,-0.047967338258465,-0.217739732147008,4.07307962718468,-0.268521931600422,-0.388113613902491,0.646217953589222,0.438508791674455,-0.074666331537442,-0.134746108352634,0.178366700643739,0.534185727504783,-0.248719872715098,-0.37574119934025,-0.313276132772531,0.786129045155318,-0.365024182237165,0.186068976484938,-0.430475510566685,-0.369940096701968,-0.440779828878567,-0.257818194967205
"chr1:202117927-202118879",0.150279978516396,-0.180374083716601,0.0422387849793038,0.025526762092834,-0.0168897901279773,0.0686768264566413,2.59189663634252,-0.0282807918538122,-0.100263168150628,-0.110005927388604,-0.658339056439263,0.296791154901333,-0.217062400740331,2.62150583631499,-0.428914075776426,-0.30110710588703,0.570162593416851,0.19272397022138,0.308633279406458,-0.382417353687808,0.226832967931332,-0.570717945712607,-0.403255902272682,-0.199055499999444,0.309268979272204,0.10072644848658,0.146355312141649,-0.293654313191255,2.17853129768551,-0.201902874691583,-0.4527341505928,-0.626590191232305
"chr4:88940823-88951216",-0.332417786420414,-0.196492107900349,-0.215061635212097,-0.395284422876216,-0.187801264328394,-0.451075756323155,-0.384847697519136,1.90562825558287,0.380380109348733,-0.414335333959137,-0.12824976019724,0.59099390365284,0.200863831963179,3.56839039654017,-0.0298265666982945,-0.544181057611057,0.0190891331133977,-0.118758344436304,-0.0767328683852429,0.574739908058711,-0.0486084852701255,-0.384362454297324,-0.290262276966508,-0.128848656165664,0.280656412880191,1.26814905571943,-0.4461678436924,-0.151189463289025,-0.372586438224385,-0.211286487652804,-0.259794620956467,0.243299658026316
"chr2:108910910-108913007",-0.5990424138295,-0.518440198510208,-0.527741845278764,-0.561016348946475,0.156401305206547,0.367054343760761,-0.287160288368992,0.41326077714955,-0.606911547103863,-0.680802955928324,2.76620806183222,1.32728505461408,1.52030970255674,-0.680595939832962,-0.60283626724415,0.0465450125318291,0.384038297902394,-0.383040385271642,-0.638641674330363,0.117252694417762,0.967948647543754,-0.693528813305347,-0.522775628327155,-0.586721734948655,0.136217735603324,1.09071966677813,-0.347235965648551,0.7001440637647,-0.643896957438356,-0.250028912184702,-0.315157727853737,0.696150658034147
"chr1:199998956-200007729",-0.412779083578137,-0.39563663354378,-0.214864680016853,-0.313169857482099,2.58488659704605,1.638991218336,-0.420738037796111,0.31950860110095,-0.386135736600324,-0.460360303172092,-0.44105183359001,-0.200524284887101,-0.474912043519856,-0.473792615096863,-0.29401697569141,2.28004253186557,-0.15066341511785,-0.369512491361584,-0.411967973249459,-0.358550896424362,1.44085353254271,-0.403647432287221,0.0605788703690017,-0.346303165414384,-0.433348385838498,0.796873613195143,0.211990253836944,-0.362320656457418,-0.288323551481372,-0.0712317185888582,0.00648000107186973,-0.515005167769186
